Latitude,Longitude,label
55.591297,37.635121,0
55.846612,37.475901,3
55.55389,37.587548,11
55.759266,37.756001,4
55.887932,37.486518,3
55.774375,37.499261,3
55.624653,37.709953,0
55.708449,37.455115,1
55.664808,37.641101,0
55.747083,37.68934,4
55.617808,37.447684,1
55.821304,37.726514,10
55.754883,37.402618,7
55.71242,37.665204,4
55.871373,37.585408,3
55.719601,37.423026,1
55.876053,37.493645,3
55.741406,37.643357,4
55.753025,37.543515,6
55.529808,37.580283,11
55.646907,37.76077,0
55.884382,37.58633,3
55.778388,37.557022,6
55.714194,37.827618,8
55.5782,37.69477,0
55.673887,37.60532,6
55.56474,37.463128,11
55.525705,37.579524,11
55.841587,37.479976,3
55.748743,37.545644,6
55.872432,37.547527,3
55.725166,37.402775,1
55.703649,37.647616,4
55.576362,37.122604,9
55.998643,37.210569,5
55.764247,37.78331,8
55.533027,37.581758,11
55.564628,37.462787,11
55.698756,37.548582,6
55.59308,37.52217,11
55.748648,37.667083,4
55.726306,37.460721,1
55.773692,37.625805,6
55.734715,37.656896,4
55.764566,37.549874,6
55.834363,37.48551,3
55.760961,37.800779,8
55.850739,37.550476,3
55.588096,37.636551,0
55.80954,37.579708,3
55.781622,37.554975,6
55.815517,37.811824,8
55.789503,37.634862,10
55.84805,37.58931,3
55.791774,37.776606,8
55.925221,37.546218,3
55.679205,37.50139,1
55.741796,37.428922,1
55.852677,37.626219,10
55.690618,37.821682,8
55.812767,37.798567,8
55.698621,37.564316,6
55.816864,37.575612,3
55.537538,37.199659,9
55.862122,37.765498,10
55.662257,37.555041,6
55.753802,37.635395,4
55.567775,37.574737,11
55.734653,37.657509,4
55.538078,37.582598,11
55.730328,37.777,8
55.738468,37.67774,4
55.677733,37.483244,1
55.810574,37.807509,8
55.709116,37.455215,1
55.87779,37.489461,3
55.658946,37.564825,6
55.850228,37.433952,7
55.856508,37.535784,3
55.527331,37.579534,11
55.847179,37.611787,10
55.803751,37.393057,7
55.738232,37.527739,6
55.820668,37.729571,10
55.847025,37.62185,10
55.683671,37.416373,1
55.738513,37.856631,8
55.87585,37.493384,3
55.806994,37.748525,4
55.882474,37.482742,3
55.773888,37.619719,6
55.720585,37.584597,6
55.730953,37.722056,4
55.869008,37.516045,3
55.665933,37.838398,8
55.583976,37.597897,11
55.709228,37.504376,1
55.734502,37.505877,6
55.792475,37.625524,10
55.895427,37.666629,10
55.880886,37.446291,7
55.755295,37.812953,8
55.882503,37.483051,3
55.667089,37.487451,1
55.483328,37.37431,9
55.778507,37.556578,6
55.889913,37.557612,3
55.542152,37.583765,11
55.676562,37.5676,6
55.754494,37.747158,4
55.73648,37.591922,6
55.613286,37.661126,0
55.714068,37.827454,8
55.687005,37.524097,6
55.52212,37.577704,11
55.757232,37.43266,1
55.767617,37.565038,6
55.882792,37.463168,7
55.866474,37.494026,3
55.79182,37.490892,3
55.925194,37.546447,3
55.80364,37.70072,4
55.867392,37.67536,10
55.735437,37.594119,6
55.957317,37.186683,5
55.575076,37.472689,11
55.714193,37.827586,8
55.720406,37.776587,8
55.704051,37.517695,6
55.793929,37.585951,6
55.735579,37.613255,6
55.612053,37.724028,0
55.676385,37.672463,0
55.740758,37.81608,8
55.604843,37.631773,0
55.505173,37.530579,11
55.810531,37.770777,8
55.713998,37.827433,8
55.717933,37.751053,4
55.683675,37.569382,6
55.716583,37.451907,1
55.80823,37.773045,8
55.792697,37.607095,6
55.546808,37.585267,11
55.571745,37.595951,11
55.7361,37.567519,6
55.695233,37.532995,6
55.812016,37.824576,8
55.679694,37.553031,6
55.654548,37.757725,0
55.723845,37.858905,8
55.720674,37.450506,1
55.622867,37.42655,1
55.720373,37.599342,6
55.591553,37.527975,11
55.674229,37.486217,1
55.709304,37.848644,8
55.714012,37.827399,8
55.482401,37.363214,9
55.774867,37.500986,3
55.701253,37.831611,8
55.71272,37.830974,8
55.726611,37.760157,8
55.718905,37.6932,4
55.792291,37.592203,6
55.780025,37.819747,8
55.773669,37.616751,6
55.743541,37.615163,6
55.703764,37.57339,6
55.798491,37.684798,4
55.747239,37.582228,6
55.578827,37.58211,11
55.751324,37.819928,8
55.537868,37.459647,11
55.869239,37.515462,3
55.627084,37.691748,0
55.755864,37.737608,4
55.95709,37.186247,5
55.737581,37.65449,4
55.849329,37.551595,3
55.875858,37.493414,3
55.810192,37.792947,8
55.76842,37.741397,4
55.861364,37.398801,7
55.739133,37.567062,6
55.783852,37.514363,3
55.721243,37.434537,1
55.827448,37.831614,8
55.550716,37.587183,11
55.758117,37.749854,4
55.815996,37.638172,10
55.541492,37.478381,11
55.861914,37.416544,7
55.752346,37.720612,4
55.567185,37.596782,11
55.71415,37.827539,8
55.842646,37.665569,10
55.792396,37.639623,10
55.476213,37.532085,11
55.714055,37.827487,8
55.839237,37.661223,10
55.709922,37.584119,6
55.730041,37.625329,6
55.830675,37.644496,10
55.725158,37.764405,8
55.568752,37.477168,11
55.783225,37.820811,8
55.700664,37.795306,8
55.551986,37.538956,11
55.832242,37.394981,7
55.70882,37.742054,4
55.605018,37.485749,11
55.740455,37.58534,6
55.855878,37.355361,7
55.771902,37.603132,6
55.742058,37.427867,1
55.723339,37.79771,8
55.773937,37.622335,6
55.910338,37.586711,3
55.714139,37.827565,8
55.738469,37.52705,6
55.875908,37.493491,3
55.743314,37.584226,6
55.644873,37.673379,0
55.753977,37.369224,7
55.702918,37.548992,6
55.771241,37.543627,6
55.726962,37.466819,1
55.875935,37.493493,3
55.701288,37.613141,6
55.555005,37.587088,11
55.729515,37.480507,1
55.960883,37.18658,5
55.972786,37.149291,5
55.71638,37.813484,8
55.760386,37.764155,8
55.72161,37.773033,8
55.715572,37.678711,4
55.773927,37.621329,6
55.698115,37.461972,1
55.748387,37.768885,8
55.75324,37.725227,4
55.693527,37.467369,1
55.871547,37.585894,3
55.77157,37.843339,8
55.850004,37.434034,7
55.769263,37.720061,4
55.792036,37.592245,6
55.625597,37.677864,0
55.576315,37.471313,11
55.829974,37.651248,10
55.677414,37.834448,8
55.833916,37.655168,10
55.604641,37.631556,0
55.882593,37.454898,7
55.657961,37.500048,1
55.687463,37.73682,4
55.75255,37.722963,4
56.010542,37.202791,5
55.567881,37.479683,11
55.594898,37.602562,11
55.660962,37.619228,0
55.877528,37.431238,7
55.87604,37.493669,3
55.876,37.493569,3
55.676679,37.671587,0
55.809384,37.781049,8
55.989762,37.184887,5
55.710456,37.539043,6
55.772708,37.646559,4
55.655615,37.6198,0
55.727943,37.662252,4
55.862321,37.604097,10
55.885563,37.395821,7
55.736423,37.66393,4
55.735604,37.660732,4
55.875666,37.636782,10
55.865317,37.485581,3
55.667473,37.487543,1
55.754111,37.672579,4
55.908486,37.594448,3
55.726236,37.433497,1
55.713969,37.453584,1
55.821635,37.837007,8
55.578148,37.584648,11
55.842345,37.370326,7
55.789028,37.766526,8
55.736058,37.702115,4
55.69949,37.61441,6
55.674115,37.589722,6
55.803651,37.544291,3
55.811861,37.819984,8
55.712555,37.408864,1
55.848488,37.391617,7
55.708292,37.746744,4
55.725952,37.828209,8
55.827361,37.529994,3
55.884383,37.47217,3
55.795075,37.702915,4
55.890801,37.404289,7
55.774654,37.743957,4
55.799606,37.550747,3
55.931737,37.525182,3
55.898273,37.559196,3
55.785544,37.841545,8
55.802835,37.839687,8
55.669454,37.775092,8
55.725695,37.840169,8
55.74277,37.84218,8
55.828463,37.553957,3
55.683442,37.636865,0
55.613046,37.774123,0
55.708424,37.40472,1
55.720354,37.869751,8
55.619787,37.422685,1
55.540205,37.190127,9
55.762421,37.684969,4
55.696717,37.406036,1
55.756446,37.61396,6
55.584847,37.636577,0
55.889262,37.634709,10
55.504128,37.57508,11
55.630413,37.748047,0
55.748762,37.561177,6
55.659161,37.78468,8
55.875985,37.493597,3
55.666474,37.595935,6
55.834321,37.534434,3
55.811366,37.691621,10
55.700737,37.703833,4
55.775634,37.699715,4
55.708399,37.861185,8
55.621772,37.507771,11
55.775698,37.682815,4
55.751092,37.696718,4
55.688853,37.60463,6
55.708081,37.861179,8
55.790229,37.487805,3
55.859888,37.555012,3
55.814527,37.390342,7
55.777,37.506143,3
55.896253,37.388557,7
55.759692,37.758249,8
55.614545,37.513726,11
55.852597,37.668162,10
55.905223,37.538832,3
55.713376,37.537409,6
55.718048,37.534743,6
55.773096,37.842785,8
55.771524,37.843613,8
55.720859,37.839533,8
55.847358,37.382806,7
55.574912,37.619106,11
55.808593,37.684084,10
55.567683,37.597749,11
55.83857,37.387352,7
55.833079,37.821714,8
55.582375,37.566391,11
55.574942,37.612221,11
55.606878,37.762975,0
55.786158,37.698996,4
55.72691,37.65499,4
55.845859,37.454128,7
55.891144,37.674333,10
55.792634,37.627997,10
55.880538,37.520521,3
55.706251,37.730887,4
55.828561,37.353662,7
55.71474,37.84586,8
55.559374,37.589895,11
55.625172,37.337631,9
55.733703,37.42084,1
55.651977,37.534748,11
55.67426,37.479513,1
55.847544,37.605356,10
55.699544,37.524958,6
55.817009,37.500123,3
55.684581,37.631596,0
55.898064,37.559394,3
55.771729,37.408166,7
55.713347,37.838122,8
55.557221,37.588371,11
55.776135,37.657814,4
55.776213,37.532097,6
55.810369,37.80736,8
55.875345,37.493635,3
55.647708,37.562308,11
55.857666,37.567543,3
55.547834,37.518696,11
55.78674,37.69832,4
55.977894,37.16829,5
55.87626,37.63697,10
55.910835,37.576253,3
55.707158,37.547915,6
55.69697,37.496645,1
55.828434,37.530592,3
55.823376,37.814189,8
55.743815,37.654788,4
55.560318,37.487923,11
55.744739,37.546659,6
55.706856,37.546658,6
55.707561,37.570475,6
55.550432,37.543246,11
55.653669,37.567668,11
55.621767,37.542474,11
55.784596,37.482154,3
55.735547,37.579151,6
55.610232,37.712978,0
55.675985,37.567923,6
55.705892,37.55701,6
55.676006,37.856319,8
55.732066,37.595338,6
55.809952,37.793069,8
55.863009,37.469117,3
55.725584,37.589853,6
55.657585,37.48058,1
55.674598,37.460474,1
55.724399,37.765912,8
55.727681,37.538678,6
55.654305,37.777823,0
55.597736,37.531903,11
55.806397,37.767996,8
55.839883,37.367131,7
55.666041,37.650171,0
55.711962,37.586925,6
55.80658,37.767416,8
55.840545,37.636508,10
55.749673,37.654043,4
55.862991,37.66135,10
55.852153,37.564397,3
55.862681,37.66081,10
55.883648,37.60466,10
55.8839,37.50351,3
55.750237,37.826941,8
55.791287,37.535281,3
55.843716,37.376239,7
55.762296,37.785405,8
55.682163,37.597962,6
55.677532,37.5161,1
55.643223,37.736885,0
55.794862,37.703146,4
55.666283,37.650163,0
55.87148,37.64229,10
55.778296,37.621682,6
55.782684,37.624054,6
55.802353,37.685076,10
55.652717,37.743086,0
55.664615,37.641387,0
55.654293,37.742434,0
55.882358,37.4835,3
55.766988,37.652418,4
55.616081,37.50145,11
55.627869,37.540956,11
55.676147,37.856642,8
55.786713,37.622505,10
55.689156,37.546786,6
55.841198,37.588034,3
55.689311,37.754298,4
55.841232,37.356571,7
55.693165,37.815739,8
55.777753,37.62077,6
55.588856,37.599468,11
55.735296,37.561236,6
55.854578,37.584823,3
55.665319,37.748481,0
55.810219,37.803292,8
55.696101,37.553126,6
55.776755,37.758284,8
55.671143,37.493116,1
55.789025,37.767327,8
55.61076,37.66392,0
55.86963,37.62448,10
55.863168,37.69714,10
55.73579,37.56276,6
55.855652,37.584288,3
55.826087,37.428212,7
55.858278,37.596777,10
55.702763,37.626527,6
55.561911,37.585534,11
55.840126,37.636312,10
55.896212,37.401081,7
55.784764,37.520489,3
55.657333,37.526685,11
55.900046,37.398782,7
55.811373,37.818732,8
55.736553,37.664246,4
55.861644,37.602973,10
55.71387,37.532737,6
55.576697,37.567144,11
55.887638,37.667319,10
55.666201,37.597398,6
55.8901,37.625031,10
55.887419,37.66794,10
55.784642,37.481905,3
55.777526,37.52732,6
55.73599,37.701163,4
55.801573,37.61597,10
55.722434,37.445822,1
55.800851,37.615692,10
55.802055,37.582969,3
55.896749,37.610265,10
55.543676,37.509184,11
55.727997,37.538863,6
55.814179,37.630373,10
55.637697,37.691678,0
55.742003,37.572854,6
55.78126,37.455321,7
55.7074,37.885992,8
55.601355,37.52904,11
55.744411,37.601264,6
55.791313,37.460038,7
55.64139,37.655638,0
55.583,37.637007,0
55.81272,37.829009,8
55.72444,37.453702,1
55.747859,37.695248,4
55.754528,37.731841,4
55.655658,37.480476,1
55.775657,37.836503,8
55.629531,37.516728,11
55.551772,37.548387,11
55.703182,37.518632,6
55.619597,37.768586,0
55.69749,37.529111,6
55.707334,37.909277,8
55.665818,37.787431,8
55.578922,37.639245,0
55.624373,37.657246,0
55.819522,37.670316,10
55.989965,37.184649,5
55.798016,37.501264,3
55.869797,37.627699,10
55.979976,37.191722,5
55.768584,37.557122,6
55.749522,37.413855,1
55.785688,37.622205,10
55.790725,37.61654,10
55.686466,37.478785,1
55.710739,37.559647,6
55.719336,37.900615,8
55.65614,37.469105,1
55.551419,37.532213,11
55.61442,37.497843,11
55.706819,37.861873,8
55.710599,37.559985,6
55.65275,37.65454,0
55.723606,37.577533,6
55.707384,37.88852,8
55.751991,37.552521,6
55.775457,37.474015,7
55.847856,37.567209,3
55.660186,37.481905,1
55.73632,37.82757,8
55.773304,37.632288,4
55.775764,37.70072,4
55.840435,37.480058,3
55.819517,37.669517,10
55.563086,37.594821,11
55.854378,37.68182,10
55.898123,37.576539,3
55.698203,37.551527,6
55.736889,37.826958,8
55.73808,37.820345,8
55.658387,37.747902,0
55.76726,37.55908,6
55.594597,37.635667,0
55.752006,37.553238,6
55.888199,37.586469,3
55.561931,37.593124,11
55.62419,37.75775,0
55.835186,37.630325,10
55.617562,37.502484,11
55.727232,37.465948,1
55.647352,37.573039,11
55.790236,37.770641,8
55.712199,37.409344,1
55.694163,37.53432,6
55.728842,37.829122,8
55.744033,37.849003,8
55.641714,37.605937,0
55.771804,37.639335,4
55.738999,37.434723,1
55.772824,37.647412,4
55.733892,37.446089,1
55.760349,37.600281,6
55.898523,37.591301,3
55.816654,37.638854,10
55.792324,37.63984,10
55.633522,37.54176,11
55.614253,37.498126,11
55.871507,37.458595,7
55.784606,37.568035,6
55.650447,37.556545,11
55.887495,37.664371,10
55.64555,37.57925,11
55.888047,37.64913,10
55.891233,37.621677,10
55.871239,37.457977,7
55.898449,37.593989,3
55.774185,37.542748,6
55.900717,37.544648,3
55.766361,37.652637,4
55.89871,37.578053,3
55.720377,37.777682,8
55.647339,37.562485,11
55.790891,37.634566,10
55.72636,37.684898,4
55.717565,37.411647,1
55.721459,37.663354,4
55.897876,37.555063,3
55.774834,37.538559,6
55.697163,37.626271,6
55.749586,37.775592,8
55.58539,37.163044,9
55.60674,37.762561,0
55.514553,37.240292,9
55.796511,37.541206,3
55.735628,37.514566,6
55.69935,37.56475,6
55.855371,37.778329,8
55.844554,37.799326,8
55.733146,37.498725,1
55.733038,37.498789,1
55.686951,37.479199,1
55.732938,37.498857,1
55.851031,37.787422,8
55.790582,37.553952,3
55.868491,37.752703,10
55.701751,37.831464,8
55.792698,37.603067,6
55.700626,37.466555,1
55.599948,37.159292,9
55.736154,37.515092,6
55.796143,37.541399,3
55.862145,37.523415,3
55.548427,37.441981,11
55.797397,37.723854,4
55.577408,37.59651,11
55.741251,37.757229,8
55.790739,37.554295,3
55.646732,37.450365,1
55.856663,37.39613,7
55.62717,37.473587,1
55.754094,37.532097,6
55.911108,37.578847,3
55.697007,37.451454,1
55.887776,37.652485,10
55.593874,37.727104,0
55.758547,37.578367,6
55.758668,37.619946,6
55.783516,37.562302,6
55.638769,37.690919,0
55.713935,37.622349,6
55.709797,37.594013,6
55.60674,37.761773,0
55.75978,37.581523,6
56.008586,37.197533,5
55.687995,37.622056,6
55.723198,37.384331,1
55.821741,37.44388,7
55.640102,37.547765,11
55.81041,37.810747,8
55.729417,37.614353,6
55.65705,37.5974,6
55.782274,37.572468,6
55.732439,37.543015,6
55.731103,37.738561,4
55.72967,37.746928,4
55.605855,37.628866,0
55.749923,37.708189,4
55.746561,37.681326,4
55.813603,37.837809,8
55.581863,37.570335,11
55.732489,37.489934,1
55.76221,37.642575,4
55.689643,37.472439,1
55.746948,37.495232,1
55.708899,37.621493,6
55.661879,37.774311,8
55.830292,37.376525,7
55.792839,37.561663,3
55.859438,37.358449,7
55.609437,37.722883,0
55.602952,37.622429,0
55.731139,37.845897,8
55.576804,37.566743,11
55.609917,37.667387,0
55.755961,37.539574,6
55.731971,37.703588,4
55.759239,37.621675,6
55.717809,37.401629,1
55.752413,37.625978,6
55.69974,37.741831,4
55.542359,37.489569,11
55.878696,37.721365,10
55.730948,37.552174,6
55.875945,37.493474,3
55.752492,37.610463,6
55.93432,37.373242,7
55.615668,37.611998,0
55.635785,37.696155,0
55.632875,37.601967,0
55.7675,37.84151,8
55.720442,37.450797,1
55.672137,37.626903,0
55.701982,37.732397,4
55.60951,37.590742,11
55.853788,37.64956,10
55.700012,37.705659,4
55.697738,37.650255,4
55.572458,37.597573,11
55.621775,37.731197,0
55.58951,37.731717,0
55.756045,37.741179,4
55.765112,37.379384,7
55.773806,37.697687,4
55.838142,37.63581,10
55.67452,37.626695,0
55.827364,37.490658,3
55.759918,37.626283,6
55.816766,37.718383,10
55.681009,37.750264,0
55.760146,37.626914,6
55.63523,37.452219,1
55.706008,37.619945,6
55.805517,37.839263,8
55.789366,37.571147,6
55.727167,37.756767,4
55.763056,37.383939,7
55.752463,37.656354,4
55.815646,37.718022,10
55.643806,37.746515,0
55.641134,37.457525,1
55.76376,37.674613,4
55.677417,37.83434,8
55.64596,37.605296,0
56.000968,37.210575,5
55.713394,37.387204,1
55.681869,37.491718,1
55.86674,37.639727,10
55.667024,37.442975,1
55.802967,37.720045,4
55.885672,37.686294,10
55.683183,37.517195,1
55.689267,37.596831,6
55.792289,37.636585,10
55.916871,37.544376,3
55.791288,37.605726,6
55.723549,37.692537,4
55.676072,37.768389,8
55.756378,37.741015,4
55.788045,37.381095,7
55.74203,37.371123,1
55.887854,37.658014,10
55.803168,37.52241,3
55.808643,37.390007,7
55.781773,37.67042,4
55.713789,37.728835,4
55.699086,37.917984,8
55.676763,37.762033,8
55.777168,37.522316,6
55.731326,37.445954,1
55.829604,37.825249,8
55.730102,37.446055,1
55.713645,37.820654,8
55.861793,37.69298,10
55.740223,37.415303,1
55.791887,37.637659,10
55.644758,37.655972,0
55.640728,37.50231,11
55.618276,37.504421,11
55.837975,37.396098,7
55.759314,37.738485,4
55.507956,37.551543,11
55.884988,37.482993,3
55.84903,37.440633,7
55.732757,37.383223,1
55.785914,37.57906,6
55.717971,37.693667,4
55.893873,37.542844,3
55.793293,37.634869,10
55.758792,37.392916,7
55.830982,37.826451,8
55.87634,37.534617,3
55.820677,37.665422,10
55.70443,37.621916,6
55.813747,37.83708,8
55.833506,37.386977,7
55.759152,37.626712,6
55.751117,37.714258,4
55.842378,37.554,3
55.601835,37.405185,1
55.741903,37.415138,1
55.618963,37.421619,1
55.662638,37.742523,0
55.672103,37.607867,6
55.960173,37.186149,5
55.804396,37.433123,7
55.708223,37.660445,4
55.682257,37.664394,0
55.664197,37.657468,0
55.876357,37.509175,3
55.653034,37.442327,1
55.668732,37.428814,1
55.77443,37.6545,4
55.767843,37.599298,6
55.881562,37.586659,3
55.752672,37.533368,6
55.723112,37.694501,4
55.745689,37.419678,1
55.665881,37.838113,8
55.700419,37.854199,8
55.773458,37.369911,7
55.769371,37.370533,7
55.618544,37.420704,1
55.734712,37.701107,4
55.809033,37.386077,7
55.759903,37.626122,6
55.796228,37.497527,3
55.88584,37.476183,3
55.776302,37.46624,7
55.872717,37.409336,7
55.732602,37.375716,1
55.907267,37.598525,10
55.910697,37.568897,3
55.786783,37.567862,6
55.902216,37.614704,10
55.813958,37.839789,8
55.755046,37.633975,4
55.793226,37.634679,10
55.597511,37.636523,0
55.827475,37.831554,8
55.790021,37.683131,4
55.695461,37.576821,6
55.839128,37.39635,7
55.982484,37.245953,5
55.8167,37.499978,3
55.900671,37.516638,3
55.522442,37.219913,9
55.72286,37.627267,6
55.879987,37.721736,10
55.737019,37.679543,4
55.814444,37.841133,8
55.936762,37.522665,3
55.810261,37.839772,8
55.791431,37.576582,6
55.743962,37.832694,8
55.71875,37.840851,8
55.829155,37.578062,3
55.79086,37.656296,10
55.709424,37.529959,6
55.710681,37.621623,6
55.705162,37.833249,8
55.690457,37.83004,8
55.682006,37.664776,0
55.680208,37.84732,8
55.805998,37.386857,7
55.818819,37.45441,7
55.813415,37.832372,8
55.804093,37.707661,4
55.859074,37.620597,10
55.738047,37.565279,6
55.743446,37.53351,6
55.781452,37.642986,4
55.899964,37.547988,3
55.830732,37.378861,7
55.75436,37.690222,4
55.617453,37.483885,11
55.739516,37.721026,4
55.750654,37.642196,4
55.592768,37.728767,0
55.868049,37.40602,7
55.851593,37.389436,7
55.655793,37.480159,1
55.700696,37.853485,8
55.708806,37.519756,6
55.789414,37.571053,6
55.764525,37.629957,6
55.713639,37.387295,1
55.641054,37.815312,8
55.841112,37.488909,3
55.875389,37.667119,10
55.73656,37.683621,4
55.237157,37.038126,2
55.70251,37.84076,8
55.492795,37.327482,9
55.763129,37.521304,6
55.588176,37.473558,11
55.777676,37.733352,4
55.838787,37.58036,3
55.965788,37.185624,5
55.717531,37.791192,8
55.70743,37.836673,8
55.754762,37.734353,4
55.811992,37.839498,8
55.669753,37.837386,8
55.759199,37.737653,4
55.749988,37.709629,4
55.719312,37.702683,4
55.602892,37.726165,0
55.671197,37.749703,0
55.889639,37.585786,3
55.8773,37.735376,10
55.69119,37.606808,6
55.981093,37.161877,5
55.642857,37.619132,0
55.811017,37.484584,3
55.809435,37.492192,3
55.791882,37.550571,3
55.779877,37.5909,6
55.788971,37.559229,6
55.803366,37.52227,3
55.805164,37.515537,3
55.806976,37.50891,3
55.80935,37.505943,3
55.812068,37.50373,3
55.753477,37.740581,4
55.70126,37.831733,8
55.826094,37.492344,3
55.818078,37.456387,7
55.791553,37.589815,6
55.749411,37.41242,1
55.779451,37.590172,6
55.829085,37.48939,3
55.813586,37.502133,3
55.808021,37.506713,3
55.605805,37.719685,0
55.778041,37.478426,3
55.777792,37.478764,3
55.433636,36.867284,2
55.770883,37.597765,6
55.749025,37.437325,1
55.828825,37.649659,10
55.799104,37.503268,3
55.837512,37.54143,3
55.74659,37.678411,4
55.853243,37.564103,3
55.773415,37.615341,6
55.776872,37.555223,6
55.752735,37.58447,6
55.665977,37.4289,1
55.866891,37.54746,3
55.911087,37.544226,3
55.6055,37.75956,0
55.750846,37.645259,4
55.802933,37.522225,3
55.731329,37.606802,6
55.607783,37.666118,0
55.607719,37.666545,0
55.788739,37.377335,7
55.748161,37.698403,4
55.800564,37.585291,6
55.713341,37.837484,8
55.60943,37.612625,0
55.730414,37.629016,6
55.728425,37.753566,4
55.752729,37.578063,6
55.808791,37.580422,3
55.707707,37.518045,6
55.671659,37.496809,1
55.707374,37.752206,4
55.736729,37.517945,6
55.782611,37.731499,4
55.813335,37.829947,8
55.652305,37.479622,1
55.77167,37.369748,7
55.840102,37.349823,7
55.852613,37.584561,3
55.792974,37.622232,10
55.792677,37.622176,10
55.792118,37.629625,10
55.808425,37.6376,10
55.731346,37.845786,8
55.876459,37.718682,10
55.703391,37.616796,6
55.691352,37.606475,6
55.795216,37.634386,10
55.792987,37.607119,6
55.558931,37.585606,11
55.559099,37.590239,11
55.775727,37.838565,8
55.774893,37.656146,4
55.762122,37.843084,8
55.791349,37.571566,6
55.688117,37.527451,6
55.766913,37.632064,4
55.664593,37.630404,0
55.748252,37.699766,4
55.77545,37.714166,4
55.713381,37.659078,4
55.757731,37.584626,6
55.765767,37.789224,8
55.78765,37.384608,7
55.772667,37.490228,3
55.756023,37.583751,6
55.754644,37.583517,6
55.750398,37.58278,6
55.750367,37.58315,6
55.657309,37.65384,0
55.753167,37.556163,6
55.730825,37.608397,6
55.731023,37.60863,6
55.796866,37.701955,4
55.730088,37.628937,6
55.739286,37.650998,4
55.824727,37.435491,7
55.743792,37.65517,4
55.748288,37.655844,4
55.743807,37.654827,4
55.750033,37.656055,4
55.755053,37.657405,4
55.758777,37.755621,4
55.4319,36.863856,2
55.828925,37.649357,10
55.763528,37.588194,6
55.77083,37.599534,6
55.748293,37.655458,4
55.73029,37.628852,6
55.729792,37.620232,6
55.751769,37.624315,6
55.702053,37.621275,6
55.655907,37.619349,0
55.703372,37.64731,4
55.786615,37.562,6
55.708518,37.665826,4
55.598098,37.603005,11
55.573209,37.597826,11
55.607059,37.625477,0
55.822723,37.440094,7
55.592642,37.600905,11
55.60326,37.605909,11
55.608735,37.765567,0
55.717543,37.502428,1
55.826044,37.427685,7
55.675095,37.626589,0
55.674462,37.626248,0
55.825941,37.4275,7
55.625925,37.710227,0
55.763549,37.68497,4
55.673505,37.423309,1
55.605452,37.335195,9
55.721811,37.610407,6
55.733255,37.6419,4
55.734494,37.644197,4
55.68538,37.835485,8
55.719225,37.703828,4
55.752582,37.531467,6
55.715297,37.575128,6
55.708226,37.833105,8
55.690514,37.666079,0
55.724756,37.663852,4
55.83252,37.388781,7
55.859944,37.449262,7
55.747697,37.812365,8
55.611406,37.720002,0
55.849718,37.36888,7
55.843422,37.501731,3
55.600054,37.722992,0
55.549693,37.543453,11
55.891451,37.529475,3
55.671332,37.593732,6
55.630236,37.661236,0
55.764283,37.40761,7
55.638372,37.523105,11
55.666364,37.581453,6
55.574868,37.65341,0
55.560302,37.588001,11
55.716998,37.580439,6
55.835818,37.384136,7
55.761481,37.579038,6
55.803373,37.408778,7
55.719021,37.834754,8
55.54616,37.527905,11
55.72054,37.535525,6
55.8131,37.79851,8
55.818976,37.592479,3
55.634009,37.521929,11
55.809816,37.612324,10
55.631285,37.479205,1
55.846414,37.436271,7
55.545409,37.584886,11
55.545472,37.58531,11
55.782451,37.727431,4
55.664735,37.52627,6
55.69034,37.575397,6
55.682132,37.5671,6
55.680073,37.564835,6
55.684296,37.651282,0
55.623088,37.751439,0
55.702586,37.523902,6
55.744826,37.601124,6
55.646355,37.719403,0
55.578062,37.577475,11
55.546109,37.541916,11
55.673926,37.450414,1
55.656298,37.494399,1
55.576701,37.569242,11
55.724839,37.800385,8
55.535195,37.538523,11
55.691411,37.487224,1
55.691632,37.488087,1
55.974452,37.183296,5
55.680039,37.559882,6
55.752947,37.807588,8
55.739569,37.846745,8
55.753783,37.570438,6
55.77597,37.539663,6
55.708032,37.851065,8
55.572102,37.575414,11
55.572717,37.573987,11
55.721309,37.438829,1
55.821333,37.624245,10
55.83843,37.407458,7
55.776253,37.68643,4
55.649489,37.38578,1
55.701035,37.533541,6
55.79015,37.51073,3
55.75777,37.819833,8
55.828895,37.639721,10
55.850471,37.422701,7
55.803143,37.826078,8
55.719616,37.830602,8
55.697991,37.752817,4
55.808368,37.513363,3
55.826757,37.581631,3
55.85051,37.45257,7
55.789104,37.388886,7
55.876381,37.524743,3
55.68018,37.63706,0
55.87682,37.55745,3
55.81571,37.51443,3
55.985477,37.214901,5
55.685976,37.537129,6
55.803133,37.51813,3
55.769968,37.565475,6
55.757157,37.565813,6
55.79015,37.62242,10
55.814108,37.734188,4
55.794402,37.454449,7
55.79101,37.80156,8
55.799996,37.395104,7
55.817394,37.638342,10
55.871903,37.712345,10
55.620853,37.445955,1
55.680498,37.557754,6
55.680438,37.5659,6
55.689844,37.542328,6
55.747802,37.781003,8
55.749275,37.776856,8
55.766667,37.627663,6
55.748478,37.599507,6
55.793098,37.792163,8
55.761926,37.79281,8
55.791067,37.803713,8
55.793218,37.803467,8
55.98481,37.225018,5
55.796623,37.409306,7
55.787991,37.674644,4
55.675832,37.749138,0
55.866974,37.461984,7
55.596998,37.355542,9
55.793414,37.80967,8
55.731358,37.848962,8
55.676526,37.517875,1
55.678094,37.77583,8
55.664963,37.470173,1
55.729931,37.566927,6
55.664025,37.479803,1
55.732096,37.671573,4
55.89823,37.57235,3
55.638267,37.542183,11
55.89803,37.58429,3
55.674268,37.739197,0
55.606883,37.295352,9
55.646429,37.727222,0
55.684675,37.65601,0
55.812708,37.57786,3
55.716787,37.423281,1
55.717614,37.423827,1
55.640536,37.61725,0
55.656575,37.598206,6
55.671644,37.491469,1
55.810242,37.807083,8
55.352917,37.340838,9
55.711862,37.52704,6
55.849123,37.422855,7
55.79684,37.616258,10
55.861037,37.481746,3
55.714795,37.42329,1
55.713982,37.422498,1
55.824904,37.652851,10
55.807921,37.518368,3
55.858704,37.687367,10
55.686885,37.929113,8
55.858269,37.686199,10
55.737347,37.485123,1
55.687584,37.546291,6
55.627096,37.525443,11
55.661905,37.511005,1
55.680255,37.634285,0
55.781084,37.612148,6
55.812757,37.826864,8
55.588332,37.15821,9
55.810599,37.637155,10
55.863795,37.423887,7
55.809757,37.787703,8
55.795854,37.483138,3
55.813534,37.638423,10
55.70764,37.64954,4
55.739235,37.530306,6
55.755697,37.751969,4
55.740449,37.768553,8
55.715671,37.803293,8
55.742747,37.788535,8
55.798833,37.390611,7
55.728724,37.668545,4
55.708449,37.851741,8
55.704815,37.552065,6
55.70349,37.61753,6
55.761701,37.821264,8
55.720138,37.427421,1
55.884834,37.504197,3
55.741765,37.847858,8
55.886561,37.514304,3
55.796634,37.715802,4
55.796534,37.794054,8
55.846742,37.360757,7
55.641111,37.605299,0
55.656877,37.598289,6
55.696658,37.554163,6
55.73422,37.862788,8
55.5025,37.51754,11
55.665433,37.569052,6
55.606477,37.295429,9
55.782796,37.597748,6
55.835681,37.541855,3
55.530355,37.526277,11
55.64959,37.56265,11
55.788879,37.540556,3
55.844891,37.542349,3
55.771405,37.517017,6
55.758768,37.55802,6
55.738408,37.819913,8
55.716237,37.709892,4
55.689479,37.574512,6
55.830381,37.619916,10
55.787279,37.687349,4
55.881659,37.495886,3
55.833445,37.399725,7
55.758927,37.779851,8
55.76232,37.53677,6
55.80647,37.62298,10
55.812891,37.3965,7
55.739033,37.778712,8
55.907047,37.367099,7
55.795739,37.634985,10
55.706046,37.513575,6
55.715704,37.710669,4
55.772614,37.823527,8
55.708188,37.838345,8
55.719954,37.421713,1
55.650773,37.480787,1
55.709535,37.733819,4
55.7669,37.533121,6
55.866141,37.702463,10
55.707177,37.554777,6
55.818585,37.616999,10
55.752762,37.777864,8
55.793228,37.690699,4
55.813657,37.577882,3
55.544418,37.561853,11
55.674797,37.73948,0
55.708158,37.851972,8
55.72119,37.805579,8
55.69641,37.807018,8
55.655663,37.570307,6
55.699049,37.800258,8
55.671961,37.587818,6
55.652557,37.546953,11
55.655212,37.540414,11
55.702446,37.788876,8
55.609881,37.493412,11
55.73362,37.429299,1
55.812629,37.389253,7
55.905033,37.542622,3
55.710273,37.405407,1
55.812341,37.478598,3
55.617705,37.387361,1
55.676051,37.59176,6
55.674865,37.590965,6
55.486005,36.950548,2
55.691818,37.42617,1
55.733,37.602435,6
55.613207,37.495394,11
55.60486,37.5112,11
55.83949,37.362938,7
55.723231,37.769157,8
55.564637,37.152095,9
55.565117,37.152892,9
56.004001,37.197639,5
55.843476,37.438778,7
55.843335,37.439078,7
55.843626,37.439494,7
55.638208,37.352499,1
55.711617,37.819395,8
55.611198,37.717947,0
55.846262,37.567628,3
55.619473,37.504865,11
55.638589,37.353811,1
55.641741,37.60224,0
55.641312,37.604367,0
55.655563,37.647214,0
55.82992,37.578089,3
55.824591,37.58493,3
55.821644,37.606664,10
55.780621,37.586001,6
55.782558,37.594416,6
55.8724,37.677282,10
55.876191,37.718255,10
55.873571,37.699536,10
55.984765,37.235103,5
55.630433,37.435279,1
55.626679,37.737618,0
55.603038,37.729814,0
55.622971,37.76057,0
55.711579,37.628082,6
55.581518,37.467122,11
55.820158,37.641058,10
55.855874,37.663439,10
55.885283,37.720013,10
55.813177,37.637696,10
55.821681,37.615539,10
55.814819,37.628326,10
55.579811,37.698478,0
55.81088,37.579401,3
55.848177,37.584586,3
55.878892,37.587209,3
55.815721,37.576687,3
55.856456,37.561497,3
55.896448,37.587103,3
55.834499,37.549354,3
55.597362,37.67166,0
55.600577,37.671297,0
55.585762,37.657296,0
55.602009,37.656988,0
55.587132,37.676948,0
55.601925,37.641876,0
55.608623,37.619192,0
55.695772,37.62115,6
55.692076,37.621841,6
55.602276,37.656929,0
55.817318,37.49953,3
55.810666,37.487855,3
55.831014,37.487656,3
55.901083,37.543441,3
55.905213,37.543239,3
55.696236,37.666213,4
55.700304,37.620938,6
55.693803,37.665922,4
55.691949,37.665762,0
55.636446,37.695657,0
55.66785,37.552466,6
55.667961,37.551952,6
55.666429,37.550313,6
55.625446,37.512069,11
55.900433,37.543093,3
55.608075,37.619795,0
55.573802,37.63145,0
55.633024,37.466434,1
55.786039,37.563345,6
55.720596,37.450145,1
55.719219,37.420694,1
55.8076,37.637291,10
55.805056,37.636948,10
55.653009,37.653691,0
55.658748,37.653644,0
55.67871,37.663429,0
55.579231,37.696875,0
55.648113,37.665129,0
55.655546,37.619221,0
55.64144,37.606811,0
55.739383,37.816585,8
55.759148,37.612193,6
55.837227,37.344383,7
55.749596,37.762734,8
55.807019,37.581667,3
55.897593,37.509102,3
55.699345,37.855225,8
55.647386,37.478448,1
55.665486,37.505949,1
55.7062,37.760707,8
55.704825,37.77132,8
55.6906,37.735949,4
55.886843,37.585704,3
55.764135,37.430231,7
55.753797,37.729224,4
55.714964,37.39406,1
55.580288,37.239911,9
55.87269,37.48296,3
55.86335,37.485696,3
55.637114,37.455437,1
55.715102,37.384579,1
55.791432,37.704707,4
55.775439,37.836791,8
55.655016,37.653594,0
55.694997,37.734346,4
55.744376,37.849593,8
55.755752,37.739576,4
55.898013,37.543205,3
55.654751,37.638484,0
55.627374,37.657274,0
55.610731,37.696622,0
55.572171,37.662714,0
55.829179,37.512728,3
55.716226,37.686701,4
55.879017,37.404647,7
55.648846,37.567595,11
55.648203,37.570284,11
55.647372,37.573881,11
55.894189,37.697881,10
55.711354,37.841584,8
55.648997,37.663773,0
55.661756,37.545749,6
55.810464,37.637733,10
55.814214,37.638527,10
55.89427,37.67304,10
55.708529,37.455688,1
55.740285,37.661435,4
55.642579,37.589979,11
55.642628,37.588866,11
55.610351,37.718005,0
55.608958,37.744451,0
55.649045,37.565453,11
55.650925,37.554841,11
55.899761,37.628199,10
55.708268,37.85239,8
55.856497,37.672935,10
55.644187,37.584585,11
55.708235,37.666202,4
55.693134,37.666422,4
55.61607,37.539651,11
55.697452,37.667066,4
55.630199,37.539501,11
55.695842,37.667276,4
55.879229,37.669748,10
55.880829,37.484308,3
55.57923,37.447667,11
55.587421,37.431351,1
55.822524,37.642667,10
55.746508,37.55182,6
55.689208,37.672316,0
55.617958,37.507528,11
55.640061,37.52475,11
55.690359,37.675831,0
55.689477,37.673584,0
55.700274,37.66745,4
55.643486,37.495436,1
55.803849,37.756928,4
55.756951,37.745526,4
55.796788,37.71836,4
55.842603,37.562824,3
55.713323,37.829446,8
55.638336,37.619557,0
55.738037,37.41157,1
55.819722,37.765276,8
55.678042,37.563557,6
55.692857,37.62113,6
55.827564,37.738075,10
55.662299,37.437126,1
55.714972,37.804867,8
55.731956,37.718009,4
55.730605,37.742565,4
55.714046,37.809824,8
55.718684,37.785241,8
55.721173,37.790731,8
55.977184,37.153217,5
55.751925,37.65576,4
55.720727,37.66381,4
55.832151,37.395387,7
55.73899,37.675088,4
55.728974,37.661621,4
55.705069,37.654674,4
55.705475,37.660478,4
55.644002,37.527505,11
55.763922,37.733496,4
55.729074,37.618207,6
55.703773,37.541813,6
55.784279,37.564407,6
55.719074,37.622241,6
55.70705,37.534129,6
55.707619,37.535096,6
55.717339,37.502163,1
55.695794,37.531491,6
55.706985,37.569745,6
55.695526,37.558093,6
55.698931,37.54362,6
55.693334,37.554971,6
55.703196,37.540822,6
55.613643,37.774805,0
55.91668,37.532486,3
55.699248,37.57868,6
55.700312,37.576899,6
55.775378,37.632241,4
55.585687,37.436595,1
55.58816,37.430045,1
55.59271,37.421,1
55.864645,37.699307,10
55.785242,37.634733,10
55.868331,37.707111,10
55.868682,37.70791,10
55.878635,37.719982,10
55.787258,37.640501,10
55.706356,37.627422,6
55.631534,37.764057,0
55.402178,37.452461,9
55.399772,37.44418,9
55.389335,37.422598,9
55.383435,37.407965,9
55.324768,37.267481,2
55.680827,37.481339,1
55.396126,37.437291,9
55.384366,37.411089,9
55.327606,37.274618,2
55.325789,37.270006,2
55.677622,37.625664,0
55.667668,37.458344,1
55.667395,37.503645,1
55.724883,37.579345,6
55.798951,37.731332,4
55.668812,37.590414,6
55.719152,37.571493,6
55.899653,37.628796,10
55.67564,37.560222,6
55.875937,37.429849,7
55.395095,37.434675,9
55.388016,37.420482,9
55.682581,37.841332,8
55.363715,37.36885,9
55.350558,37.334443,9
55.343496,37.316104,9
55.335332,37.294815,9
55.322632,37.261688,2
55.315897,37.244061,2
55.312035,37.234003,2
55.587827,37.720627,0
55.604206,37.335077,9
55.579202,37.469486,11
55.572511,37.474238,11
55.569283,37.477198,11
55.885338,37.731222,10
55.582302,37.443553,11
55.694954,37.4498,1
55.79201,37.576889,6
55.852188,37.646184,10
55.855126,37.342451,7
55.85696,37.353375,7
55.888973,37.392006,7
55.645647,37.619982,0
55.707802,37.747092,4
55.704219,37.775677,8
55.702634,37.786099,8
55.849848,37.585097,3
55.578401,37.141285,9
55.579279,37.149213,9
55.579329,37.15535,9
55.584006,37.179478,9
55.584646,37.18518,9
55.306266,37.222059,2
55.304025,37.218347,2
55.580071,37.127118,9
55.302031,37.210765,2
55.779625,37.702685,4
55.980437,37.257095,5
55.684825,37.421902,1
55.956636,37.195001,5
55.719249,37.563949,6
55.704259,37.641535,4
55.984015,37.158252,5
55.970272,37.177119,5
55.874157,37.606505,10
55.899323,37.586778,3
55.981149,37.20277,5
55.981057,37.201591,5
55.894968,37.613932,10
55.859386,37.467107,7
55.645324,37.619408,0
55.951969,37.214938,5
55.864309,37.464469,7
55.794489,37.495349,3
55.794677,37.494909,3
55.755753,37.407607,7
55.904868,37.587438,3
55.848409,37.670757,10
55.762312,37.385828,7
55.73767,37.615174,6
55.740652,37.606563,6
55.710413,37.530146,6
55.790063,37.369832,7
55.732786,37.56088,6
55.725169,37.456538,1
55.970022,37.174007,5
55.502786,37.336095,9
55.806393,37.636546,10
55.720365,37.563783,6
55.871273,37.64226,10
55.857393,37.469063,7
55.68181,37.470817,1
55.359596,37.358123,9
55.759202,37.584231,6
55.772487,37.418354,7
55.684493,37.837084,8
55.583018,37.470027,11
55.578223,37.568771,11
55.628644,37.515852,11
55.695651,37.80888,8
55.625507,37.512773,11
55.693173,37.447425,1
55.684341,37.421325,1
55.570865,37.392465,9
55.803712,37.552056,3
55.704328,37.667802,4
55.763552,37.468065,1
55.304761,37.14295,2
55.490906,37.401642,9
55.231673,37.024027,2
55.219536,36.992222,2
55.592803,37.421642,1
55.610223,37.387231,1
55.604222,37.402091,1
55.59911,37.411746,1
55.595171,37.417088,1
55.601555,37.553607,11
55.595109,37.416756,1
55.594704,37.477965,11
56.089574,37.200959,5
55.505893,37.341764,9
55.559368,37.442519,11
55.720677,37.430881,1
55.814757,37.843556,8
55.769689,37.596226,6
55.745909,37.579427,6
55.706986,37.578517,6
55.897494,37.672766,10
55.729586,37.617386,6
55.885239,37.731359,10
55.562987,37.41424,9
55.755874,37.738995,4
55.537951,37.582967,11
55.878849,37.732915,10
55.608099,37.350174,9
55.570563,37.561573,11
55.552348,37.55085,11
55.540125,37.497074,11
55.547082,37.515985,11
55.536348,37.576907,11
55.70956,37.849442,8
55.667146,37.740633,0
55.541602,37.50245,11
55.567077,37.588605,11
55.476962,37.316963,9
55.470133,37.3061,9
55.463097,37.299341,9
55.278025,37.114904,2
55.711253,37.84384,8
55.353549,37.185317,2
55.880576,37.441934,7
55.773586,37.624545,6
55.893334,37.587127,3
55.613246,37.261499,9
55.736213,37.841048,8
55.221564,36.997564,2
55.822357,37.643143,10
55.504781,37.597536,11
55.707171,37.667026,4
55.881486,37.670887,10
55.639755,37.461758,1
55.874413,37.435666,7
55.509351,37.35022,9
55.751055,37.609721,6
55.665506,37.429717,1
55.74016,37.653635,4
55.744799,37.548653,6
55.73485,37.5098,6
55.71078,37.837,8
55.837003,37.579146,3
55.790001,37.548666,3
55.735878,37.841008,8
56.087584,37.203189,5
55.875755,37.452671,7
55.849336,37.427836,7
55.373333,37.205297,2
55.531099,37.234091,9
55.683613,37.43148,1
55.683416,37.431232,1
55.653951,37.392219,1
55.65803,37.40173,1
55.735277,37.613608,6
55.794372,37.841174,8
55.623405,37.477668,1
55.87897,37.405022,7
55.542501,37.40622,9
55.628854,37.336774,9
55.563096,37.171826,9
55.59116,37.28674,9
55.369606,37.201373,2
55.216683,36.984868,2
55.642416,37.360138,1
55.651798,37.345386,1
55.64902,37.390404,1
55.493032,36.960737,2
55.479265,36.94068,2
55.508157,36.935125,2
55.429224,36.859243,2
55.805017,37.443097,7
55.710493,37.666308,4
55.882944,37.460867,7
55.745694,37.562986,6
55.719142,37.418344,1
55.73886,37.570497,6
55.757923,37.394907,7
55.739985,37.535317,6
55.746881,37.554392,6
55.743292,37.544434,6
55.323079,37.161247,2
55.740455,37.431651,1
55.658865,37.436094,1
55.563616,37.557424,11
55.734843,37.706917,4
55.792144,37.527715,3
55.49833,36.923935,2
55.788451,37.51842,3
55.872103,37.460699,7
55.82161,37.627567,10
55.792089,37.580339,6
55.810611,37.61852,10
55.788864,37.546641,3
55.849993,37.676022,10
55.859305,37.689292,10
55.647868,37.530911,11
55.731213,37.423858,1
55.775446,37.835896,8
55.732263,37.715004,4
55.795732,37.70253,4
55.786636,37.566933,6
55.809318,37.777704,8
55.468582,36.925089,2
55.631908,37.704544,0
55.641412,37.655299,0
55.592943,37.672684,0
55.516761,37.577293,11
55.883788,37.47037,3
55.902093,37.519721,3
55.589745,37.118005,9
55.633946,37.44945,1
55.817229,37.460315,7
55.662421,37.619842,0
55.658458,37.641771,0
55.864279,37.583969,3
55.864681,37.701005,10
55.856582,37.588189,3
55.858007,37.596179,10
55.584809,37.678628,0
55.885065,37.542725,3
55.854925,37.683104,10
55.989732,37.213345,5
55.68724,37.54355,6
55.805895,37.509562,3
55.703095,37.579389,6
55.872723,37.520252,3
55.708268,37.744733,4
55.704142,37.774691,8
55.859231,37.689786,10
55.680048,37.763717,8
55.673512,37.776509,8
55.866519,37.704561,10
55.753517,37.558013,6
55.800017,37.531719,3
55.854251,37.681017,10
55.760917,37.534907,6
55.703574,37.78037,8
55.773592,37.554737,6
55.587076,37.203546,9
55.61173,37.365129,9
55.670249,37.448784,1
55.6991,37.64421,4
55.680702,37.481896,1
55.79352,37.585983,6
55.746918,37.542194,6
55.897858,37.596975,3
55.705309,37.575372,6
55.69833,37.543374,6
55.898368,37.597484,10
55.8985,37.591519,3
55.700883,37.467596,1
55.887512,37.585736,3
55.589972,37.674362,0
55.874882,37.716115,10
55.745717,37.533371,6
55.730031,37.622247,6
55.874995,37.716867,10
55.877082,37.71826,10
55.878877,37.72177,10
55.846637,37.374381,7
55.892908,37.402959,7
55.842946,37.381893,7
55.746169,37.556719,6
55.853227,37.361016,7
55.764466,37.520694,6
55.821451,37.655181,10
55.71542,37.591331,6
55.704761,37.635807,6
55.700099,37.503674,1
55.869338,37.709634,10
55.868971,37.709499,10
55.664332,37.604305,6
55.667969,37.592331,6
55.764311,37.733611,4
55.813518,37.688361,10
55.80873,37.697624,10
55.80902,37.696073,10
55.777985,37.848112,8
55.759275,37.677338,4
55.752627,37.739493,4
55.764246,37.768778,8
55.82582,37.696013,10
55.746653,37.869817,8
55.742803,37.676373,4
55.771451,37.475612,1
55.764597,37.468589,1
55.611836,37.364985,9
55.876408,37.738185,10
55.910432,37.585026,3
55.803651,37.756663,4
55.850147,37.414694,7
55.698597,37.666667,4
55.834643,37.387687,7
55.804254,37.517901,3
55.805346,37.513976,3
55.800287,37.740932,4
55.771019,37.640603,4
55.560044,37.161802,9
55.595649,37.618409,0
55.639335,37.638565,0
55.878017,37.668615,10
55.861488,37.552775,3
55.789263,37.375856,7
55.803493,37.61573,10
55.86679,37.70453,10
55.86293,37.696092,10
55.859707,37.689488,10
55.752351,37.578816,6
55.742555,37.541393,6
55.807439,37.580737,3
55.885911,37.718205,10
55.601014,37.50373,11
55.799206,37.38199,7
55.653777,37.742167,0
55.709245,37.827561,8
55.778227,37.847099,8
55.851262,37.388006,7
55.838703,37.621734,10
55.82906,37.622,10
55.675317,37.439736,1
55.676241,37.438011,1
55.704767,37.483568,1
55.574499,37.596803,11
55.745679,37.533083,6
55.806994,37.387138,7
55.897853,37.64156,10
55.89625,37.656823,10
55.84656,37.796193,8
55.689515,37.440823,1
55.689678,37.44054,1
55.902436,37.615742,10
55.825919,37.364576,7
55.769957,37.509492,6
55.828501,37.369573,7
55.812126,37.478162,3
55.730163,37.743679,4
55.945199,37.357862,7
55.573049,37.644986,0
55.692997,37.82968,8
55.517883,37.57652,11
55.654201,37.499031,1
55.720162,37.598196,6
55.748695,37.559758,6
55.726769,37.682913,4
55.808752,37.839548,8
55.565136,37.179543,9
55.564976,37.178846,9
55.824684,37.57314,3
55.553435,37.138892,9
55.553301,37.138183,9
55.889733,37.542607,3
55.870249,37.547913,3
55.775364,37.65716,4
55.704347,37.583701,6
55.703295,37.581741,6
55.789358,37.591105,6
55.65179,37.38108,1
55.76422,37.78192,8
55.750044,37.654219,4
55.730479,37.611878,6
55.622586,37.406843,1
55.786119,37.594468,6
55.531307,37.389561,9
55.805517,37.449566,7
55.779582,37.448511,7
55.713569,37.383677,1
55.804208,37.582881,3
55.89043,37.709746,10
55.506768,37.538397,11
55.483818,37.34616,9
55.895141,37.675482,10
55.706414,37.556564,6
55.594833,37.516408,11
55.603231,37.501675,11
55.908352,37.594158,3
55.612259,37.490631,11
55.804922,37.76259,8
55.828768,37.625343,10
55.835638,37.625934,10
55.828212,37.639516,10
55.805134,37.76223,8
55.628058,37.472191,1
55.598629,37.506947,11
55.68887,37.547151,6
55.551778,37.586804,11
55.592977,37.523833,11
55.644257,37.675848,0
55.596986,37.724982,0
55.675303,37.503385,1
55.66204,37.506657,1
55.636265,37.542848,11
55.602209,37.484198,11
55.684399,37.687037,0
55.580529,37.597004,11
55.823027,37.723116,10
55.484836,37.379988,9
55.484734,37.381644,9
55.483882,37.340955,9
55.60273,37.417779,1
55.611095,37.43522,1
55.70628,37.578119,6
55.70968,37.58432,6
55.89657,37.65068,10
55.503703,37.573266,11
55.509805,37.575147,11
55.713275,37.382765,1
55.590004,37.534439,11
55.643511,37.453573,1
55.563392,37.446214,11
55.724842,37.605173,6
55.764933,37.686186,4
55.856663,37.39613,7
55.775004,37.656085,4
55.744209,37.564254,6
55.791598,37.528337,3
55.653065,37.620077,0
55.727882,37.472593,1
55.745367,37.861658,8
55.783738,37.601526,6
55.752739,37.584474,6
55.746212,37.534596,6
55.73615,37.499075,1
55.772386,37.634052,4
55.722974,37.566405,6
55.714758,37.402937,1
55.791355,37.530626,3
55.857927,37.43161,7
56.001243,37.211956,5
55.745732,37.865391,8
55.713951,37.883796,8
55.80314,37.82556,8
55.656338,37.609162,0
55.796716,37.718431,4
55.678165,37.854834,8
55.779278,37.370062,7
55.80875,37.839752,8
55.753283,37.841998,8
55.90262,37.519843,3
55.77772,37.36932,7
55.905931,37.530829,3
55.886302,37.478531,3
55.676221,37.834362,8
55.662172,37.481939,1
55.59325,37.520731,11
55.737088,37.693808,4
55.821451,37.606347,10
55.797399,37.72181,4
55.721193,37.437114,1
55.632743,37.659724,0
55.618875,37.657518,0
55.625263,37.656782,0
55.585143,37.597682,11
55.660809,37.511892,1
55.66939,37.49842,1
55.717506,37.79081,8
55.768873,37.821102,8
55.686358,37.737325,4
55.824741,37.492854,3
55.83912,37.481225,3
55.788073,37.782365,8
55.910709,37.573122,3
55.805977,37.387552,7
55.79609,37.716955,4
55.798865,37.732482,4
55.901983,37.587255,3
55.648034,37.5306,11
55.778446,37.744747,4
55.780153,37.744179,4
55.672744,37.456216,1
55.771196,37.501771,6
55.568607,37.399891,9
55.695125,37.53899,6
55.762606,37.773283,8
55.76408,37.832363,8
55.811954,37.819565,8
55.810855,37.815747,8
55.765426,37.788896,8
55.744975,37.799536,8
55.757832,37.745492,4
55.760288,37.737403,4
55.70895,37.877261,8
55.70918,37.878886,8
55.744977,37.568207,6
55.745816,37.56523,6
55.699611,37.501358,1
55.67768,37.464303,1
55.733804,37.400985,1
55.721438,37.902083,8
55.671195,37.450739,1
55.815989,37.716086,10
55.648797,37.370628,1
55.644649,37.452854,1
55.846585,37.567736,3
55.86654,37.485217,3
55.861806,37.584532,3
55.88642,37.673558,10
55.821006,37.647065,10
55.851725,37.602081,10
55.898174,37.587782,3
55.898311,37.604658,10
55.887474,37.6451,10
55.821081,37.655252,10
55.820836,37.620738,10
55.883339,37.603412,10
55.889034,37.634473,10
55.836705,37.387751,7
55.84276,37.382387,7
55.842167,37.383979,7
55.850402,37.366775,7
55.546172,37.584935,11
55.634174,37.521599,11
55.510574,37.564685,11
55.773945,37.710658,4
55.728712,37.584616,6
55.698503,37.733304,4
55.665963,37.76778,0
55.696605,37.806423,8
55.705551,37.763742,8
55.751251,37.716456,4
55.648721,37.74535,0
55.683119,37.737999,0
55.700287,37.76383,8
55.758878,37.694971,4
55.643794,37.748459,0
55.62028,37.656844,0
55.626313,37.656771,0
55.57232,37.658364,0
55.675189,37.570453,6
55.677398,37.562467,6
55.670246,37.55485,6
55.588091,37.543378,11
55.56655,37.559834,11
55.645414,37.543823,11
55.64972,37.532833,11
55.647898,37.513981,11
55.687419,37.475889,1
55.855533,37.653133,10
55.794868,37.491287,3
55.77628,37.65816,4
55.692695,37.621732,6
55.849688,37.789105,8
55.801308,37.384205,7
55.88845,37.713369,10
55.832973,37.821531,8
55.863384,37.763543,10
55.870886,37.748945,10
55.82164,37.836697,8
55.79641,37.840154,8
55.860491,37.398993,7
55.849285,37.392798,7
55.701945,37.688158,4
55.639499,37.748162,0
55.572588,37.658407,0
55.614789,37.499298,11
55.685771,37.665294,0
55.757845,37.369419,7
55.686734,37.665004,0
55.74772,37.766245,8
55.640394,37.366495,1
55.795156,37.578071,6
55.77331,37.485777,3
55.768948,37.806761,8
55.77452,37.83298,8
55.860131,37.769877,10
55.855069,37.779677,8
55.851332,37.787044,8
55.844703,37.799825,8
55.849028,37.791356,8
55.84125,37.806527,8
55.778115,37.524276,6
55.774073,37.438852,7
55.774481,37.439734,7
55.731243,37.638198,4
55.778923,37.452898,7
55.738607,37.676414,4
55.739544,37.612664,6
55.724695,37.688897,4
55.604921,37.292368,9
55.604739,37.355048,9
55.54177,37.572212,11
55.650721,37.594766,6
55.731359,37.593803,6
55.803572,37.747629,4
55.704028,37.642347,4
55.791942,37.49042,3
55.745816,37.56523,6
55.737527,37.61451,6
55.6023,37.299158,9
55.729509,37.63665,4
55.620749,37.423361,1
55.813957,37.602365,10
55.759906,37.580047,6
55.900355,37.514718,3
55.895373,37.503529,3
55.709163,37.666751,4
55.87513,37.45251,7
55.839669,37.481445,3
55.751317,37.5333,6
55.805555,37.582095,3
55.841298,37.569953,3
55.873378,37.418779,7
55.746546,37.671041,4
55.899301,37.587966,3
55.757076,37.563204,6
55.861939,37.436429,7
55.733601,37.502875,6
55.749342,37.562012,6
55.716873,37.404809,1
55.840468,37.489422,3
55.79264,37.495449,3
55.812516,37.798302,8
55.982507,37.168597,5
55.827181,37.621634,10
55.750332,37.564155,6
55.747909,37.533489,6
55.743006,37.419792,1
55.684339,37.520509,6
55.700706,37.503759,1
55.672784,37.4886,1
55.774485,37.654296,4
55.63335,37.333996,9
55.605421,37.291666,9
55.678785,37.564164,6
55.62405,37.710211,0
55.667429,37.582874,6
55.700993,37.629474,6
55.775321,37.657158,4
55.781228,37.631342,10
55.61193,37.720843,0
55.820588,37.826212,8
55.772221,37.420348,7
55.803355,37.747052,4
55.802835,37.747952,4
55.691022,37.621964,6
55.764279,37.563789,6
55.642438,37.527183,11
55.644636,37.52154,11
55.769677,37.767226,8
55.788109,37.755681,4
55.708664,37.646783,4
55.811672,37.817466,8
55.806469,37.766393,8
55.779679,37.764539,8
55.766108,37.790622,8
55.70109,37.863719,8
55.970227,37.155799,5
55.979635,37.189476,5
55.746352,37.554171,6
55.745505,37.573853,6
55.688374,37.482296,1
55.703272,37.508136,1
55.709852,37.52315,6
55.683731,37.479531,1
55.721335,37.622141,6
55.733404,37.405937,1
55.734411,37.507172,6
55.86748,37.484496,3
55.922547,37.389822,7
55.925182,37.386611,7
55.933467,37.374476,7
55.9266,37.38408,7
55.923227,37.389338,7
55.927965,37.382723,7
55.935092,37.372738,7
55.941129,37.364198,7
55.846898,37.555797,3
55.949779,37.352013,7
55.95501,37.344071,7
55.956274,37.341637,7
55.950124,37.350789,7
55.939911,37.365299,7
55.819165,37.639029,10
55.823707,37.644948,10
55.823236,37.644467,10
55.919874,37.539641,3
55.887319,37.671691,10
55.859671,37.659334,10
55.846665,37.375156,7
55.843292,37.382035,7
55.861085,37.348136,7
55.637293,37.45995,1
55.56097,37.419688,9
55.429103,37.275812,9
55.587809,37.11973,9
55.636936,37.512114,11
55.574134,37.215095,9
55.320535,37.256093,2
55.300772,37.138866,2
55.725937,37.460825,1
55.606293,37.486737,11
55.588406,37.47463,11
55.555026,37.439176,11
55.55453,37.438476,11
55.54911,37.428581,11
55.549525,37.430133,11
55.59605,37.479991,11
55.548921,37.424621,9
55.596397,37.479893,11
55.554631,37.437826,11
55.450268,36.895151,2
55.716675,37.572452,6
55.753743,37.517318,6
55.753901,37.518718,6
55.864434,37.547441,3
55.756232,37.530418,6
55.77682,37.632633,4
55.772307,37.590298,6
55.716437,37.799321,8
55.723049,37.69461,4
55.702189,37.941305,8
55.719384,37.783142,8
55.69694,37.844357,8
55.705669,37.497533,1
55.691245,37.73539,4
55.718623,37.704047,4
55.661801,37.741277,0
55.678193,37.851605,8
55.600387,37.604658,11
55.637138,37.620096,0
55.646091,37.656263,0
55.632186,37.65943,0
55.648155,37.65722,0
55.666646,37.622327,0
55.697992,37.684595,4
55.695371,37.681886,4
55.614807,37.715785,0
55.669448,37.585176,6
55.596881,37.510209,11
55.595163,37.514477,11
55.60441,37.49979,11
55.623483,37.510605,11
55.585962,37.55229,11
55.584276,37.559298,11
55.585113,37.555755,11
55.574261,37.564615,11
55.654911,37.538433,11
55.694799,37.555386,6
55.486943,37.32359,9
55.741914,37.417743,1
55.700205,37.70675,4
55.810655,37.804969,8
55.782951,37.741738,4
55.65819,37.400896,1
55.674933,37.460402,1
55.803001,37.635997,10
55.453602,36.940323,2
55.631779,37.324165,9
55.767194,37.622805,6
55.776248,37.602866,6
55.747062,37.654356,4
55.731967,37.606426,6
55.579084,37.570343,11
55.595272,37.534477,11
55.719051,37.783176,8
55.603392,37.542386,11
55.773347,37.486662,3
55.839907,37.386608,7
55.860825,37.347054,7
55.779381,37.720859,4
55.813128,37.833583,8
55.894922,37.686737,10
55.84234,37.393637,7
55.604369,37.355989,9
55.605217,37.354877,9
55.631426,37.335536,9
55.566865,37.407337,9
55.775607,37.657848,4
55.590124,37.475191,11
55.574631,37.457275,11
55.569546,37.451282,11
55.546547,37.416185,9
55.538924,37.397507,9
55.519074,37.374838,9
55.563454,37.344203,9
55.778329,37.720904,4
55.828284,37.579724,3
55.871599,37.711977,10
55.80614,37.457382,7
55.500236,37.33232,9
55.644933,37.619958,0
55.5685,37.599572,11
55.609412,37.610015,0
55.611548,37.603427,11
55.61035,37.607593,11
55.785638,37.718418,4
55.582674,37.681323,0
55.634363,37.700616,0
55.621773,37.6149,0
55.582894,37.596991,11
55.826703,37.57253,3
55.642121,37.680719,0
55.694217,37.626641,6
55.613118,37.661721,0
55.616347,37.661426,0
55.641141,37.611981,0
55.65318,37.653259,0
55.590013,37.635319,0
55.601663,37.637209,0
55.640442,37.632027,0
55.700934,37.621349,6
55.683289,37.623676,6
55.650535,37.619846,0
55.66379,37.620464,0
55.636339,37.656504,0
55.637112,37.65565,0
55.640912,37.620724,0
55.597329,37.536045,11
55.552982,37.55159,11
55.631704,37.620007,0
55.763277,37.561687,6
55.899072,37.586755,3
55.889257,37.586943,3
55.890153,37.586471,3
55.76349,37.777789,8
55.762888,37.776373,8
55.676535,37.664154,0
55.69527,37.557532,6
55.693824,37.555868,6
55.634906,37.520677,11
55.665982,37.7525,0
55.604554,37.542745,11
55.844771,37.379011,7
55.700921,37.546117,6
55.670414,37.496437,1
55.670036,37.494555,1
55.798822,37.514358,3
55.991292,37.186245,5
55.621698,37.615045,0
55.841961,37.353612,7
55.642101,37.526163,11
55.643047,37.526337,11
55.749491,37.644103,4
55.484845,37.329258,9
55.484956,37.329735,9
55.488004,37.393793,9
55.666701,37.655207,0
55.727888,37.654038,4
55.750923,37.567564,6
55.839361,37.341578,7
55.684267,37.831107,8
55.690034,37.622216,6
55.487652,37.396042,9
55.614582,37.540134,11
55.731422,37.775338,8
55.742693,37.754089,4
55.600596,37.723328,0
55.693044,37.734676,4
55.696235,37.611367,6
55.778331,37.458142,7
55.780474,37.479658,3
55.83455,37.655141,10
55.691895,37.533531,6
55.705617,37.623614,6
55.751487,37.574753,6
55.904439,37.586859,3
55.776884,37.463844,7
55.778179,37.458054,7
55.583692,37.708173,0
55.636521,37.748828,0
55.704682,37.634405,6
55.606407,37.498438,11
55.602061,37.649477,0
55.499213,37.33199,9
55.566702,37.598369,11
55.765581,37.74545,4
55.614097,37.373919,1
55.769758,37.555812,6
55.788893,37.744171,4
55.686526,37.602465,6
55.639249,37.367556,1
55.700725,37.635833,6
55.703132,37.629549,6
55.794727,37.574116,6
55.60591,37.742641,0
55.809531,37.781213,8
55.810731,37.798324,8
55.700456,37.546126,6
55.715714,37.401517,1
55.688826,37.474067,1
55.702788,37.398019,1
55.703729,37.396397,1
55.642211,37.359309,1
55.74524,37.573656,6
55.661013,37.422421,1
55.628499,37.313161,9
55.633438,37.337462,9
55.600261,37.244052,9
55.610984,37.258016,9
55.661161,37.424488,1
55.810421,37.504537,3
55.810996,37.504655,3
55.886516,37.542582,3
55.878771,37.448361,7
55.772978,37.591386,6
55.769039,37.557177,6
55.864514,37.605804,10
55.863373,37.605165,10
55.813489,37.828427,8
55.841933,37.382641,7
55.775983,37.842786,8
55.562877,37.556048,11
55.890689,37.622751,10
55.70275,37.629127,6
55.977815,37.167394,5
55.84742,37.663131,10
55.615482,37.378493,1
55.615395,37.378573,1
55.876407,37.451187,7
55.601763,37.723393,0
55.619088,37.712092,0
55.621417,37.743218,0
55.878815,37.448477,7
55.671064,37.555238,6
55.800527,37.633537,10
55.800832,37.634688,10
55.869746,37.663249,10
55.821386,37.613472,10
55.778993,37.691677,4
55.787325,37.385014,7
55.735825,37.644902,4
55.780047,37.633329,4
55.579475,37.683862,0
55.991661,37.182124,5
55.883583,37.641314,10
55.541284,37.50266,11
55.879767,37.721968,10
55.805321,37.58266,3
55.813495,37.602645,10
55.77297,37.4906,3
55.508504,37.553071,11
55.473072,36.931659,2
55.785744,37.635305,10
55.778771,37.579042,6
55.650933,37.758738,0
55.747551,37.700105,4
55.870723,37.636836,10
55.867532,37.66324,10
55.865191,37.662031,10
55.778446,37.458252,7
55.774289,37.480744,3
55.85613,37.450576,7
55.825874,37.42738,7
55.464851,36.919754,2
55.907232,37.389977,7
55.822923,37.440186,7
55.832995,37.453447,7
55.831812,37.4536,7
55.805304,37.414012,7
55.807013,37.395283,7
55.86038,37.601678,10
55.88774,37.662693,10
55.856519,37.683917,10
55.777759,37.462961,7
55.787475,37.385672,7
55.840345,37.385687,7
55.756921,37.463023,1
55.756295,37.461208,1
55.770225,37.474557,1
55.772263,37.589196,6
55.801186,37.63503,10
55.788111,37.635036,10
55.7055,37.842075,8
55.654115,37.793412,8
55.648931,37.662923,0
55.645705,37.671184,0
55.642899,37.678574,0
55.630472,37.66183,0
55.655739,37.741907,0
55.753657,37.457178,1
55.753017,37.456488,1
55.753761,37.457812,1
55.684974,37.540412,6
55.725354,37.605913,6
55.686514,37.523096,6
55.723495,37.552389,6
55.667717,37.551758,6
55.908399,37.389566,7
55.733787,37.404599,1
55.811725,37.3985,7
55.786804,37.634617,10
55.786929,37.741695,4
55.709736,37.896741,8
55.734008,37.406921,1
55.734458,37.406269,1
55.750063,37.449145,1
55.574685,37.565901,11
55.898161,37.398382,7
55.89876,37.574734,3
55.58326,37.470399,11
55.73299,37.668537,4
55.78281,37.697748,4
55.782597,37.701101,4
55.898573,37.588038,3
55.765854,37.605223,6
55.726938,37.614952,6
55.768944,37.691545,4
55.769997,37.69272,4
55.664914,37.539841,6
55.664401,37.540501,6
55.812656,37.828401,8
55.759472,37.7571,8
55.764342,37.606313,6
55.765157,37.606024,6
55.764175,37.605288,6
55.765521,37.603595,6
55.727691,37.61238,6
55.766794,37.60747,6
55.760664,37.577677,6
55.767895,37.620929,6
55.796282,37.715483,4
55.741425,37.655539,4
55.74195,37.655709,4
55.601643,37.646312,0
55.602717,37.638124,0
55.815353,37.683817,10
55.815018,37.685764,10
55.757974,37.597934,6
55.746531,37.641441,4
55.69758,37.803915,8
55.746875,37.67106,4
55.730463,37.624094,6
55.74693,37.668709,4
55.772249,37.588137,6
55.766465,37.636969,4
55.765663,37.637535,4
55.777105,37.583419,6
55.776413,37.5835,6
55.773452,37.589944,6
55.699509,37.732608,4
55.62821,37.65771,0
55.622245,37.657261,0
55.750431,37.600854,6
55.750785,37.643309,4
55.750219,37.643481,4
55.704024,37.483034,1
55.639751,37.371866,1
55.748052,37.427128,1
55.747962,37.427258,1
55.701879,37.476958,1
55.705909,37.492985,1
55.706256,37.491608,1
55.706254,37.487475,1
55.709546,37.49218,1
55.749245,37.436989,1
55.61046,37.387408,1
55.606958,37.397841,1
55.643703,37.470207,1
55.604547,37.734503,0
55.708078,37.668258,4
55.613232,37.731266,0
55.603438,37.735243,0
55.977256,37.162963,5
55.838099,37.542591,3
55.841438,37.552462,3
55.84133,37.373577,7
55.890951,37.494218,3
55.515143,37.57607,11
55.785543,37.841742,8
55.678878,37.466595,1
55.739751,37.41472,1
55.887715,37.65406,10
55.888324,37.673908,10
55.827602,37.580718,3
55.811759,37.582461,3
55.813702,37.60068,10
55.805685,37.393876,7
55.829579,37.453107,7
55.584216,37.470778,11
55.581189,37.465576,11
55.553611,37.432128,11
55.751896,37.718318,4
55.647387,37.743965,0
55.706212,37.841439,8
55.644532,37.675203,0
55.588887,37.598894,11
55.473779,37.311495,9
55.472862,37.310805,9
55.46668,37.301921,9
55.610282,37.609478,0
55.810925,37.812621,8
55.768829,37.555754,6
55.663917,37.613776,0
55.710047,37.65777,4
55.792359,37.616446,10
55.870627,37.633206,10
55.868902,37.621019,10
55.821941,37.589044,3
55.845231,37.377289,7
55.855826,37.356454,7
55.77471,37.440157,7
55.77827,37.447889,7
55.885743,37.393439,7
55.439795,37.288434,9
55.430049,37.276153,9
55.676342,37.505934,1
55.581286,37.466809,11
55.805108,37.437548,7
55.759244,37.693216,4
55.571375,37.598524,11
55.58224,37.387502,9
55.581789,37.387387,9
55.579003,37.381215,9
55.763295,37.559817,6
55.64069,37.533596,11
55.637567,37.522991,11
55.711416,37.818062,8
55.656704,37.740921,0
55.654735,37.650105,0
55.613747,37.347764,9
55.454881,37.294032,9
55.739033,37.672311,4
55.770126,37.644857,4
55.770946,37.644182,4
55.719618,37.566742,6
55.721727,37.559651,6
55.747364,37.873599,8
55.723468,37.588098,6
55.858195,37.421091,7
55.793273,37.614209,10
55.770266,37.813602,8
55.810503,37.799644,8
55.719171,37.781098,8
55.506777,37.573118,11
55.502598,37.571762,11
55.496448,37.570221,11
55.496471,37.569988,11
55.492768,37.568749,11
55.493083,37.569249,11
55.656789,37.570136,6
55.606803,37.405253,1
55.701085,37.86046,8
55.751826,37.571974,6
55.498386,37.523275,11
55.601972,37.484425,11
55.706312,37.487396,1
55.70189,37.475805,1
55.709603,37.49198,1
55.714952,37.495083,1
55.714954,37.494915,1
55.72063,37.496604,1
55.723385,37.50381,1
55.79252,37.524488,3
55.796784,37.583842,6
55.853809,37.516801,3
55.819963,37.750699,4
55.720496,37.496866,1
55.723501,37.503189,1
55.643829,37.470033,1
55.657441,37.33974,1
55.61244,37.538262,11
55.8092,37.476276,3
55.64006,37.620412,0
55.663461,37.612396,0
55.701716,37.622367,6
55.725491,37.509338,6
55.75907,37.716387,4
55.780192,37.57684,6
55.733803,37.650097,4
55.773707,37.696745,4
55.690809,37.621472,6
55.588243,37.719927,0
55.759903,37.524377,6
55.756525,37.527451,6
55.75821,37.534265,6
55.76587,37.538678,6
55.775147,37.553772,6
55.775112,37.553954,6
55.803295,37.708517,4
55.781995,37.57461,6
55.551766,37.535153,11
55.688684,37.545909,6
55.687482,37.544867,6
55.663381,37.578631,6
55.791846,37.552761,3
55.795889,37.543683,3
55.536953,37.503421,11
55.801209,37.531003,3
55.798327,37.538083,3
55.803847,37.517468,3
55.801936,37.525069,3
55.752478,37.58239,6
55.879772,37.438184,7
55.871024,37.411667,7
55.881891,37.446278,7
55.749982,37.626605,6
55.897773,37.400127,7
55.633004,37.619045,0
55.864411,37.402119,7
55.884442,37.471996,3
55.888071,37.48636,3
55.887529,37.484226,3
55.823883,37.393298,7
55.823905,37.393113,7
55.73477,37.593763,6
55.733224,37.593149,6
55.73669,37.594997,6
55.76569,37.36931,7
55.752508,37.590429,6
55.753056,37.598959,6
55.7611,37.576367,6
55.772237,37.419369,7
55.65208,37.380245,1
55.795439,37.71322,4
55.868053,37.592734,3
55.820459,37.450301,7
55.631157,37.321226,9
55.627794,37.311252,9
55.625612,37.296407,9
55.625303,37.296242,9
55.622979,37.286606,9
55.623083,37.288165,9
55.622802,37.275936,9
55.73118,37.660033,4
55.622092,37.273114,9
55.604079,37.247305,9
55.617429,37.266467,9
55.779033,37.46071,7
55.730271,37.659763,4
55.731332,37.662818,4
55.609435,37.664612,0
55.601068,37.245298,9
55.61464,37.264332,9
55.604675,37.247772,9
55.596956,37.241336,9
55.597041,37.242029,9
55.592176,37.231134,9
55.593562,37.236167,9
55.589559,37.22188,9
55.589416,37.222576,9
55.587506,37.214451,9
55.58771,37.214799,9
55.583342,37.209582,9
55.700921,37.578035,6
55.624174,37.542414,11
55.748575,37.702853,4
55.66411,37.606371,6
55.621257,37.480168,11
55.583633,37.209898,9
55.57769,37.206955,9
55.579546,37.207243,9
55.615027,37.778172,0
55.742057,37.37138,1
55.725638,37.379744,1
55.725566,37.509248,6
55.729954,37.519317,6
55.72914,37.516682,6
55.731774,37.525109,6
55.635769,37.623013,0
55.604201,37.720168,0
55.732339,37.526576,6
55.734212,37.53375,6
55.734308,37.533686,6
55.71249,37.38654,1
55.713029,37.386218,1
55.572213,37.673321,0
55.572111,37.672674,0
55.573879,37.633613,0
55.575115,37.612258,11
55.866553,37.475767,3
55.599702,37.748262,0
55.599508,37.747749,0
55.817204,37.742415,4
55.5823,37.705176,0
55.622567,37.790918,0
55.62329,37.793059,0
55.920119,37.540333,3
55.587446,37.676127,0
55.605588,37.720388,0
55.708068,37.835557,8
55.702958,37.602659,6
55.702867,37.602584,6
55.705789,37.592386,6
55.705691,37.592297,6
55.590348,37.726587,0
55.902706,37.614639,10
55.792658,37.375141,7
55.744985,37.812969,8
55.80241,37.526353,3
55.629321,37.706493,0
55.711307,37.586637,6
55.63625,37.740032,0
55.57056,37.199182,9
55.570955,37.199542,9
55.600495,37.321451,9
55.98382,37.147401,5
55.969915,37.155811,5
55.837192,37.504066,3
55.769267,37.473834,1
55.788115,37.486038,3
55.776791,37.469025,7
55.673359,37.488091,1
55.677311,37.506913,1
55.600335,37.321543,9
55.710873,37.622248,6
55.711563,37.818458,8
55.705249,37.766053,8
55.771199,37.818381,8
55.772119,37.821276,8
55.793246,37.617275,10
55.76405,37.56071,6
55.805641,37.510848,3
55.234696,37.031713,2
55.767461,37.79922,8
55.677758,37.663136,0
55.777715,37.721488,4
55.672469,37.447825,1
55.799171,37.584192,6
55.875096,37.527266,3
55.749898,37.632525,6
55.643618,37.656152,0
55.710192,37.507425,1
55.680163,37.849778,8
55.706969,37.620872,6
55.775284,37.714456,4
55.747915,37.640877,4
55.766278,37.536711,6
55.784475,37.567825,6
55.631452,37.440332,1
55.784389,37.596172,6
55.630138,37.751967,0
55.670712,37.451155,1
55.982104,37.176975,5
55.770121,37.646557,4
55.769501,37.647139,4
55.747177,37.640818,4
55.74734,37.639818,4
55.741935,37.616213,6
55.675445,37.485489,1
55.671121,37.495837,1
55.785463,37.5665,6
55.588893,37.721772,0
55.7765,37.681226,4
55.792703,37.624797,10
55.625681,37.439513,1
55.63377,37.520363,11
55.845972,37.567253,3
55.537934,37.461618,11
55.893522,37.673211,10
55.739158,37.531966,6
55.817948,37.457505,7
55.7836,37.665594,4
55.705602,37.49797,1
55.8185,37.838274,8
55.709358,37.828633,8
55.674693,37.42305,1
55.900964,37.516442,3
55.663944,37.60955,6
55.757226,37.745491,4
55.660476,37.57518,6
55.800947,37.742911,4
55.701696,37.667178,4
55.72053,37.572795,6
55.659671,37.434434,1
55.856217,37.396521,7
55.543889,37.584886,11
55.687901,37.414331,1
55.721721,37.43949,1
55.614983,37.61127,0
55.61565,37.611989,0
55.652208,37.535504,11
55.594214,37.672812,0
55.725803,37.839653,8
55.771312,37.747668,4
55.801538,37.748365,4
55.803574,37.757582,8
55.810144,37.80035,8
55.660693,37.421985,1
55.653805,37.3909,1
55.674539,37.501993,1
55.672498,37.499054,1
55.585737,37.263876,9
55.585525,37.26394,9
55.668468,37.516105,1
55.66575,37.512055,1
55.653315,37.490133,1
55.651105,37.48547,1
55.648022,37.478681,1
55.645904,37.474045,1
55.714201,37.388857,1
55.713796,37.388714,1
55.739379,37.433083,1
55.710316,37.421721,1
55.709679,37.422018,1
56.012025,37.191694,5
55.965767,37.185121,5
55.986257,37.181336,5
55.986581,37.182048,5
55.808874,37.494561,3
55.831247,37.572749,3
55.794336,37.544651,3
55.789199,37.556263,6
55.797405,37.537676,3
55.868481,37.461487,7
55.865072,37.463269,7
55.86968,37.505673,3
55.761672,37.523228,6
55.935489,37.54664,3
55.908744,37.544064,3
55.938887,37.545235,3
55.943585,37.543345,3
55.912497,37.544254,3
55.928983,37.547192,3
55.910252,37.543604,3
55.938859,37.54457,3
55.942886,37.543068,3
55.837405,37.659422,10
55.894806,37.686736,10
55.813696,37.471931,7
55.815785,37.464918,7
55.814087,37.471551,7
55.80357,37.426244,7
55.804301,37.430452,7
55.502943,37.268934,9
55.63579,37.349098,9
55.60386,37.335242,9
55.60729,37.348379,9
55.560095,37.161599,9
55.641052,37.456318,1
55.731738,37.492599,1
55.72103,37.700062,4
55.618716,37.33992,9
55.616459,37.343989,9
55.532763,37.226241,9
55.747646,37.611812,6
55.723408,37.603054,6
55.738055,37.649306,4
55.732433,37.603383,6
55.738601,37.660732,4
55.790271,37.59027,6
55.769289,37.612392,6
55.745521,37.612955,6
55.669705,37.62846,0
55.669657,37.628015,0
55.666531,37.629119,0
55.651522,37.656242,0
55.662874,37.627536,0
55.663426,37.630323,0
55.663192,37.623442,0
55.597506,37.743296,0
55.589275,37.722647,0
55.573078,37.648668,0
55.663472,37.615665,0
55.567475,37.6012,11
55.704114,37.597628,6
55.704164,37.597724,6
55.807049,37.408831,7
55.713746,37.809537,8
55.685113,37.521294,6
55.684812,37.520847,6
55.655438,37.478341,1
55.745979,37.636643,4
55.602021,37.725651,0
55.691883,37.560563,6
55.671264,37.836825,8
55.705298,37.767837,8
55.659731,37.735387,0
55.841991,37.373335,7
55.681374,37.514639,1
55.681118,37.514169,1
55.695167,37.538368,6
55.657974,37.501048,1
55.66721,37.51502,1
55.664096,37.510399,1
55.649912,37.483789,1
55.660577,37.505161,1
55.69329,37.554068,6
55.706445,37.561836,6
55.771932,37.819297,8
55.761158,37.765781,8
55.725892,37.379571,1
55.63984,37.461062,1
55.768298,37.369684,7
55.671587,37.492399,1
55.647149,37.367313,1
55.704083,37.495284,1
55.671777,37.454535,1
55.706368,37.421232,1
55.980609,37.184067,5
55.980943,37.183057,5
55.884462,37.672524,10
55.238352,37.041285,2
55.798417,37.584054,6
55.87604,37.493563,3
55.82103,37.525608,3
55.759597,37.75924,8
55.889731,37.67414,10
55.792626,37.60308,6
55.909249,37.536477,3
55.909806,37.535704,3
55.870989,37.412694,7
55.828723,37.415627,7
55.829774,37.40879,7
55.832001,37.397972,7
55.828407,37.415191,7
55.258826,37.094771,2
55.263749,37.107676,2
55.579997,37.240076,9
55.391077,37.229296,2
55.38607,37.415203,9
55.752225,37.574303,6
55.747864,37.575898,6
55.7439,37.574532,6
55.720329,37.573028,6
55.698357,37.938769,8
55.665583,37.741163,0
55.906345,37.537611,3
55.662795,37.508487,1
55.666852,37.582329,6
55.63714,37.456434,1
55.643792,37.558462,11
55.641968,37.552201,11
55.581858,37.638083,0
55.640533,37.618161,0
55.641176,37.619105,0
55.603787,37.66869,0
55.631089,37.750006,0
55.841426,37.371751,7
55.842391,37.58496,3
55.726111,37.670214,4
56.00009,37.193681,5
55.728843,37.547437,6
55.656089,37.395312,1
55.798907,37.557851,3
55.866499,37.663197,10
55.698544,37.460895,1
55.779966,37.578124,6
55.679462,37.84976,8
55.67985,37.848173,8
55.702542,37.928576,8
55.697743,37.805357,8
55.548734,37.52347,11
55.756439,37.614586,6
55.727202,37.785303,8
55.801122,37.743941,4
55.660495,37.415107,1
55.750448,37.566961,6
55.729248,37.476682,1
55.772817,37.430594,7
55.772729,37.430705,7
55.742027,37.371322,1
55.757856,37.369096,7
55.714942,37.395671,1
55.705512,37.415129,1
55.576755,37.591881,11
55.831232,37.572994,3
55.819304,37.523539,3
55.800162,37.635837,10
55.840251,37.663049,10
55.894073,37.69782,10
55.848702,37.673642,10
55.77774,37.369557,7
55.856282,37.396209,7
55.586082,37.472356,11
55.617413,37.385706,1
55.60928,37.356351,9
55.469394,36.926934,2
55.53339,37.219249,9
55.735261,37.644547,4
55.759609,37.525062,6
55.69549,37.620597,6
55.616085,37.714532,0
55.70028,37.919438,8
55.671171,37.836648,8
55.64716,37.745234,0
55.701346,37.569144,6
55.58253,37.566582,11
55.582452,37.566582,11
55.590022,37.535635,11
55.889983,37.499939,3
55.774435,37.842715,8
55.91084,37.580309,3
55.766485,37.794348,8
55.767191,37.796196,8
55.798,37.727943,4
55.890369,37.710213,10
55.878233,37.433938,7
55.658008,37.518751,1
55.602934,37.664508,0
55.612337,37.494613,11
55.663531,37.436406,1
55.851702,37.395287,7
55.579227,37.639163,0
55.80852,37.497511,3
55.807873,37.501182,3
55.891412,37.494474,3
55.816193,37.520433,3
55.587926,37.54326,11
55.809528,37.388986,7
55.827815,37.394519,7
55.852447,37.393778,7
55.875963,37.427106,7
55.495268,37.329432,9
55.573603,37.68019,0
55.759624,37.611163,6
55.488529,37.324657,9
55.619774,37.686054,0
55.767861,37.525175,6
55.716931,37.407486,1
55.717852,37.411252,1
55.715747,37.399728,1
55.628226,37.515836,11
55.634685,37.34664,9
55.818691,37.734912,4
55.744896,37.800538,8
55.813587,37.743969,4
55.737441,37.522124,6
55.809632,37.747321,4
55.824433,37.717693,10
55.827097,37.711042,10
55.899105,37.398892,7
55.566196,37.575006,11
55.839456,37.671065,10
55.609802,37.709963,0
55.669214,37.662328,0
55.796528,37.715133,4
55.729021,37.807458,8
55.640598,37.46008,1
55.651468,37.549792,11
55.970256,37.163046,5
55.969982,37.161061,5
55.621495,37.726773,0
55.540797,37.489051,11
55.691099,37.820548,8
55.984162,37.153533,5
55.983937,37.15227,5
55.68927,37.570067,6
55.770234,37.811737,8
55.710948,37.681999,4
55.537686,37.464774,11
55.620938,37.712099,0
55.634229,37.810051,8
55.625983,37.616362,0
55.785456,37.663341,4
55.87853,37.73341,10
55.788813,37.659415,4
55.55996,37.437173,11
55.777924,37.512761,3
55.674631,37.422725,1
55.775618,37.484039,3
55.775312,37.482266,3
55.8955,37.663299,10
55.770348,37.369013,7
55.765979,37.37554,7
55.70475,37.401996,1
55.733205,37.713277,4
55.566202,37.449993,11
55.539541,37.399757,9
55.544129,37.41115,9
55.54747,37.419657,9
55.535554,37.392454,9
55.527276,37.388919,9
55.519854,37.3789,9
55.516282,37.366036,9
55.638276,37.459512,1
55.635009,37.464919,1
55.511823,37.355783,9
55.784652,37.369933,7
55.74977,37.533192,6
55.628217,37.51704,11
55.750498,37.707763,4
55.892769,37.673258,10
55.712549,37.83299,8
55.746247,37.748091,4
55.749843,37.741333,4
55.745092,37.749596,4
55.757256,37.558483,6
55.756296,37.559068,6
55.547055,37.585931,11
55.745714,37.558167,6
55.682396,37.416381,1
55.756965,37.746829,4
55.798304,37.345459,7
55.888582,37.713548,10
55.757828,37.369232,7
55.737873,37.569258,6
55.912069,37.39014,7
55.871184,37.639239,10
55.59163,37.529475,11
55.693298,37.491113,1
55.694781,37.494152,1
55.798548,37.343293,7
55.665853,37.768777,0
55.774977,37.835042,8
55.777245,37.508266,3
55.659532,37.514102,1
55.785504,37.663508,4
55.747132,37.675709,4
55.692846,37.537166,6
55.735538,37.813998,8
55.687097,37.427701,1
55.687763,37.429905,1
55.858525,37.584146,3
55.860048,37.494965,3
55.87457,37.527326,3
55.874497,37.525846,3
55.875333,37.525749,3
55.707226,37.421027,1
55.912222,37.544235,3
55.815872,37.465017,7
55.71131,37.820504,8
55.689557,37.529379,6
55.597884,37.412697,1
55.832152,37.399034,7
55.830002,37.408956,7
55.540181,37.488168,11
55.581894,37.681501,0
55.568867,37.576042,11
55.99167,37.218965,5
55.731567,37.489702,1
55.706446,37.757003,8
55.818856,37.497783,3
55.826405,37.711927,10
55.838588,37.673243,10
55.74867,37.880354,8
55.808428,37.775513,8
55.744885,37.856237,8
55.766465,37.521607,6
55.753411,37.646959,4
55.731142,37.861113,8
55.784972,37.370204,7
55.874891,37.406648,7
55.882553,37.406162,7
55.883667,37.405354,7
55.888939,37.403479,7
55.875354,37.405589,7
55.745969,37.814314,8
55.758088,37.751573,4
55.75881,37.819417,8
55.809267,37.776785,8
55.547982,37.521013,11
55.893744,37.521753,3
55.621772,37.507827,11
55.621063,37.507457,11
55.61717,37.502747,11
55.851557,37.452507,7
55.617224,37.502331,11
55.576833,37.589413,11
55.651219,37.506072,1
55.813905,37.798255,8
55.82021,37.797933,8
55.865615,37.475713,3
55.579476,37.59612,11
55.586681,37.482104,11
55.548458,37.354799,9
55.39416,37.272698,9
55.554251,37.34378,9
55.444948,37.13936,2
55.560427,37.318401,9
55.678981,37.6248,6
55.566367,37.298443,9
55.576738,37.293526,9
55.573068,37.295591,9
55.581414,37.285205,9
55.413712,37.216246,2
55.581719,37.270073,9
55.394023,37.272675,9
55.813451,37.59636,10
55.577647,37.251798,9
55.413601,37.216089,2
55.44485,37.139228,2
55.541882,37.370131,9
55.536095,37.377888,9
55.579584,37.446655,11
55.605812,37.533691,11
55.573581,37.454261,11
55.573288,37.455262,11
55.576486,37.449886,11
55.680955,37.624492,6
55.575205,37.452282,11
55.608157,37.394749,1
55.680174,37.534117,6
55.720517,37.699201,4
55.721146,37.699123,4
55.505625,37.341816,9
55.494359,37.331638,9
55.488447,37.326633,9
55.483807,37.322062,9
55.459949,37.297261,9
55.423831,37.269906,9
55.416321,37.261709,9
55.41153,37.256252,9
55.756617,37.832235,8
55.775471,37.476268,7
55.774225,37.482564,3
55.772205,37.493521,3
55.770792,37.502165,6
55.768739,37.51654,6
55.767503,37.526437,6
55.765069,37.548363,6
55.768873,37.517563,6
55.4183,37.263267,9
55.436983,37.284667,9
55.443825,37.289282,9
55.460913,37.297345,9
55.484786,37.322411,9
55.496868,37.332544,9
55.512666,37.357005,9
55.524232,37.385135,9
55.694389,37.425213,1
55.571922,37.598382,11
55.772862,37.590248,6
55.77365,37.585781,6
55.74685,37.576223,6
55.84493,37.424306,7
55.781066,37.742993,4
55.976685,37.169353,5
55.80414,37.420568,7
55.668312,37.591356,6
55.804306,37.386254,7
55.63303,37.619486,0
55.574302,37.567524,11
55.573816,37.566005,11
55.780856,37.669175,4
55.624082,37.754787,0
55.621653,37.728533,0
55.733415,37.711401,4
55.791985,37.549993,3
55.661593,37.740668,0
55.758196,37.598139,6
55.619642,37.714394,0
55.746263,37.750527,4
55.761633,37.747751,4
55.761646,37.747425,4
55.750828,37.696824,4
55.745736,37.699447,4
55.636394,37.45503,1
55.852551,37.451806,7
55.761999,37.771499,8
55.60563,37.535606,11
55.601964,37.721774,0
55.729045,37.492697,1
55.694419,37.576931,6
55.702517,37.849841,8
55.869616,37.665424,10
55.910876,37.573081,3
55.845831,37.644655,10
55.846281,37.637374,10
55.84681,37.629601,10
55.846504,37.630745,10
55.845844,37.639165,10
55.845512,37.646223,10
55.893734,37.523135,3
55.840926,37.664412,10
55.704773,37.689424,4
55.70405,37.689942,4
55.781404,37.668758,4
55.754533,37.817241,8
55.701042,37.626376,6
55.707275,37.621416,6
55.600886,37.72186,0
55.613546,37.744271,0
55.663669,37.57977,6
55.663982,37.578114,6
55.700479,37.93323,8
55.909001,37.554971,3
55.728229,37.473594,1
55.89293,37.703334,10
55.736852,37.521725,6
55.62839,37.427522,1
55.762065,37.842774,8
55.557734,37.333823,9
55.724244,37.60515,6
55.78098,37.633144,4
55.799459,37.635166,10
55.824301,37.602446,10
55.836784,37.65792,10
55.704477,37.7314,4
55.67919,37.595593,6
55.698196,37.500287,1
55.611566,37.287371,9
55.624575,37.710278,0
55.809973,37.782698,8
55.85896,37.620931,10
55.868972,37.664375,10
55.758902,37.612459,6
55.870334,37.664576,10
55.81968,37.639452,10
55.798833,37.799245,8
55.762655,37.73525,4
55.763349,37.734015,4
55.795381,37.709477,4
55.811071,37.812699,8
55.771345,37.820528,8
55.696446,37.805023,8
55.690284,37.620626,6
55.595378,37.603686,11
55.623683,37.711412,0
55.594302,37.602267,11
55.771486,37.819777,8
55.67332,37.626417,0
55.907722,37.542984,3
55.739166,37.585404,6
55.703677,37.731645,4
55.709375,37.852372,8
55.810423,37.810752,8
55.611373,37.716594,0
55.659804,37.563263,6
55.687963,37.603265,6
55.744533,37.572117,6
55.642129,37.35744,1
55.747001,37.494038,1
55.728267,37.493836,1
55.81312,37.392564,7
55.862956,37.567162,3
55.788448,37.483445,3
55.611588,37.720997,0
55.694017,37.536716,6
55.807621,37.571165,3
55.82317,37.558607,3
55.610632,37.717908,0
55.640735,37.620267,0
55.843497,37.438803,7
55.50938,37.24951,9
55.855315,37.683054,10
55.861034,37.584507,3
55.712383,37.66567,4
55.751267,37.625239,6
55.860656,37.69154,10
55.861188,37.693014,10
55.73481,37.442638,1
55.871081,37.711929,10
55.729133,37.66195,4
55.815177,37.470095,7
55.897362,37.586832,3
55.747737,37.639883,4
55.730771,37.67375,4
55.87335,37.547355,3
55.913333,37.590833,3
55.83701,37.382253,7
55.835818,37.384136,7
55.972898,37.182725,5
55.721761,37.449666,1
55.730004,37.674796,4
55.707331,37.746914,4
55.912047,37.544361,3
55.723677,37.692514,4
55.830416,37.394519,7
55.710185,37.663641,4
55.880558,37.451658,7
55.70409,37.64699,4
55.832121,37.487218,3
55.683936,37.655141,0
55.800157,37.533709,3
55.716415,37.403593,1
55.743592,37.533987,6
55.669568,37.430394,1
55.665717,37.659651,0
55.764961,37.537664,6
55.639045,37.688297,0
55.764669,37.540844,6
55.636521,37.748828,0
55.704861,37.615122,6
55.729797,37.829588,8
55.714211,37.7348,4
55.738376,37.464505,1
55.659547,37.839918,8
55.736674,37.695592,4
55.767956,37.524429,6
55.777838,37.513316,3
55.749612,37.706859,4
55.777432,37.518643,6
55.787274,37.512504,3
55.730118,37.482089,1
55.69847,37.529388,6
55.685367,37.549734,6
55.788283,37.51186,3
55.69454,37.609071,6
56.000989,37.194615,5
55.707549,37.752175,4
55.691409,37.606986,6
55.996742,37.190987,5
55.65927,37.5153,1
55.808242,37.774935,8
55.632779,37.602373,0
55.672895,37.499015,1
55.811043,37.815742,8
55.572337,37.657442,0
55.760833,37.535,6
55.762758,37.684211,4
55.729915,37.624611,6
55.778536,37.663578,4
55.806029,37.829766,8
55.574064,37.68225,0
55.674108,37.524639,6
55.78533,37.663812,4
55.63757,37.352009,1
55.792405,37.639342,10
55.808952,37.839193,8
55.81447,37.577352,3
55.790764,37.633325,10
55.817067,37.575949,3
55.790809,37.62918,10
55.781142,37.623197,6
55.838726,37.529033,3
55.766385,37.842796,8
55.787266,37.58785,6
55.800872,37.383755,7
55.720832,37.83947,8
55.790497,37.584197,6
55.865508,37.626637,10
55.695976,37.807939,8
55.772372,37.686569,4
55.895494,37.668302,10
55.699654,37.798796,8
55.703134,37.665894,4
55.777902,37.674925,4
55.840592,37.663414,10
55.711685,37.81814,8
55.847848,37.391683,7
55.807711,37.394258,7
55.500396,37.587844,11
55.500493,37.587876,11
55.875275,37.423534,7
55.804236,37.420064,7
55.645737,37.489416,1
55.600955,37.722992,0
55.805268,37.448911,7
55.869002,37.445009,7
55.805465,37.448423,7
55.701513,37.62112,6
55.716327,37.686661,4
55.863049,37.448345,7
55.899482,37.670724,10
55.713313,37.57811,6
55.711256,37.820417,8
55.547041,37.515912,11
55.645185,37.672683,0
55.718099,37.414875,1
55.713405,37.577921,6
55.854717,37.451456,7
55.677809,37.543263,6
55.721525,37.560338,6
55.843476,37.438778,7
55.718916,37.52165,6
55.538227,37.514129,11
55.639569,37.333666,9
55.722042,37.554855,6
55.718806,37.482767,1
55.733497,37.543424,6
55.645681,37.528378,11
55.67818,37.543467,6
55.671178,37.550483,6
55.822827,37.825395,8
55.671506,37.552562,6
55.5285,37.520751,11
55.602546,37.532556,11
55.822923,37.440186,7
55.704959,37.395083,1
55.643035,37.468208,1
55.747466,37.690349,4
55.995222,37.230933,5
55.908709,37.389568,7
55.77235,37.364497,7
55.78888,37.634999,10
55.5946,37.60236,11
55.98819,37.229292,5
55.809976,37.795274,8
55.748765,37.702637,4
55.612638,37.494345,11
55.619173,37.771572,0
55.663882,37.431601,1
55.765599,37.366863,7
55.854612,37.451318,7
55.773434,37.36985,7
55.716427,37.385057,1
55.715311,37.396348,1
55.58012,37.596753,11
55.761242,37.368976,7
55.701223,37.608283,6
55.714364,37.393061,1
55.810369,37.809839,8
55.8109,37.812885,8
55.879915,37.544901,3
55.577369,37.608352,11
55.780005,37.667427,4
55.722384,37.696503,4
55.807042,37.408834,7
55.996554,37.211809,5
55.579702,37.577502,11
55.779994,37.667034,4
55.700841,37.62127,6
55.761309,37.767909,8
55.794874,37.701225,4
55.813743,37.496262,3
56.007762,37.201027,5
55.836561,37.451138,7
55.794549,37.700866,4
55.682284,37.664498,0
55.805741,37.839723,8
55.750374,37.450333,1
55.819589,37.74838,4
55.737829,37.695132,4
55.638219,37.815594,8
55.681843,37.731754,0
55.689652,37.665839,0
55.703789,37.550612,6
55.691541,37.665686,0
55.718835,37.703856,4
55.700961,37.755611,4
55.829699,37.553211,3
55.635312,37.728132,0
55.856642,37.662015,10
55.970184,37.156527,5
55.781858,37.574697,6
55.605839,37.600953,11
55.613763,37.739138,0
55.707987,37.639601,4
55.763116,37.822008,8
55.625456,37.616631,0
55.910478,37.390084,7
55.700783,37.397373,1
55.728353,37.753693,4
55.624552,37.609813,0
55.811667,37.480988,3
55.650581,37.619792,0
55.596127,37.305666,9
55.534846,37.515984,11
55.534105,37.517619,11
55.991888,37.18671,5
55.787501,37.593498,6
55.673959,37.662388,0
55.828649,37.649851,10
56.007481,37.200387,5
55.745322,37.57599,6
55.632805,37.444632,1
55.733125,37.543591,6
55.822644,37.450754,7
55.749212,37.815857,8
55.685313,37.550258,6
55.822021,37.64204,10
55.8228,37.440025,7
55.64245,37.553948,11
55.894682,37.693766,10
55.658589,37.489177,1
55.78905,37.588237,6
55.781926,37.616052,6
55.769491,37.510363,6
55.769895,37.509442,6
55.671749,37.520957,1
55.669289,37.499543,1
55.726704,37.62293,6
55.575544,37.607769,11
55.705083,37.833041,8
55.62311,37.615532,0
55.744488,37.533387,6
55.60535,37.606974,11
55.970008,37.159939,5
55.851374,37.365372,7
55.609444,37.591185,11
55.6358,37.463543,1
55.636568,37.741943,0
55.609223,37.590761,11
55.99359,37.228436,5
55.635724,37.463112,1
55.738215,37.697862,4
55.73821,37.697576,4
55.894015,37.697807,10
55.791949,37.622299,10
56.004001,37.197639,5
55.992738,37.187152,5
55.988924,37.225582,5
55.853582,37.584522,3
55.732017,37.543417,6
55.753259,37.817657,8
55.723806,37.588379,6
55.993214,37.213942,5
55.605995,37.601142,11
55.706504,37.393074,1
55.740824,37.611521,6
55.982774,37.178949,5
55.804209,37.422369,7
55.870267,37.534268,3
55.679566,37.559309,6
55.760593,37.535005,6
56.005835,37.204231,5
55.686303,37.415603,1
55.742315,37.609011,6
55.538411,37.54343,11
55.870757,37.533589,3
55.764462,37.36666,7
55.787344,37.59319,6
55.750571,37.450987,1
55.589861,37.72448,0
55.631316,37.440109,1
55.668363,37.589754,6
55.78927,37.558372,6
55.984684,37.239019,5
55.690603,37.540523,6
55.979913,37.185935,5
55.863312,37.448486,7
55.698721,37.403098,1
55.974427,37.1833,5
55.740764,37.816456,8
55.669313,37.836909,8
55.898219,37.566719,3
55.636265,37.620521,0
55.73137,37.611935,6
55.713273,37.57799,6
55.815056,37.503744,3
55.899482,37.670724,10
55.616876,37.787197,0
55.795158,37.634369,10
55.723554,37.380121,1
55.788528,37.763098,8
55.74972,37.50298,6
55.64882,37.64703,0
55.851949,37.439086,7
55.883149,37.640263,10
55.757569,37.464172,1
55.635751,37.705771,0
55.635471,37.719081,0
55.734172,37.597422,6
55.850334,37.422612,7
55.672987,37.446345,1
55.85423,37.672063,10
55.732891,37.561057,6
55.749313,37.698598,4
55.761991,37.569256,6
55.82375,37.572566,3
55.691044,37.426611,1
55.788804,37.634659,10
55.706774,37.567692,6
55.791512,37.532923,3
55.563639,37.557533,11
55.584513,37.678995,0
55.748597,37.624393,6
55.836761,37.387712,7
55.811115,37.578859,3
55.841481,37.805988,8
55.656495,37.843809,8
55.747858,37.638783,4
55.716774,37.677576,4
55.706877,37.755238,4
55.773116,37.490016,3
55.774265,37.480584,3
55.730253,37.556469,6
55.660495,37.415107,1
55.719232,37.873199,8
55.573041,37.571809,11
55.821435,37.613754,10
55.709994,37.421738,1
55.73886,37.570497,6
55.77719,37.819407,8
55.70382,37.7773,8
55.87794,37.66889,10
55.68398,37.64706,0
55.78782,37.384211,7
55.701298,37.612085,6
55.736609,37.698451,4
55.837627,37.438236,7
55.773824,37.684866,4
55.57019,37.5614,11
55.733555,37.698652,4
55.984481,37.211363,5
55.596137,37.635997,0
55.730853,37.858136,8
55.735041,37.595881,6
55.57924,37.580761,11
55.699685,37.575838,6
55.731915,37.405609,1
55.731342,37.845794,8
55.471543,36.929604,2
55.699829,37.402177,1
55.701811,37.399526,1
55.826204,37.427277,7
55.704348,37.774479,8
55.791288,37.605726,6
55.61617,37.51071,11
55.841268,37.522574,3
55.858665,37.419503,7
55.548379,37.486199,11
55.394226,37.232959,2
55.665631,37.46367,1
55.401221,37.449651,9
55.897362,37.586832,3
55.830454,37.830101,8
55.728275,37.764618,8
55.605263,37.35501,9
55.889708,37.587688,3
55.860075,37.617889,10
55.502588,37.604286,11
55.71583,37.518775,6
55.900122,37.519371,3
55.847593,37.660607,10
55.996905,37.236695,5
55.83873,37.576878,3
55.663728,37.526213,6
55.751982,37.510999,6
55.79011,37.48816,3
55.743545,37.832632,8
55.721802,37.440584,1
55.79016,37.4878,3
55.776265,37.584948,6
55.916326,37.544907,3
55.632684,37.750453,0
55.719306,37.571974,6
55.620132,37.668084,0
55.724285,37.797881,8
55.831801,37.393753,7
55.658943,37.640108,0
55.771175,37.511668,6
55.854761,37.475257,3
55.719133,37.570901,6
56.008963,37.201846,5
55.680405,37.547118,6
55.866435,37.597575,10
55.909408,37.586607,3
55.655793,37.624242,0
55.729133,37.66195,4
55.622897,37.42657,1
55.900642,37.524002,3
55.767119,37.840094,8
55.710907,37.473039,1
55.866664,37.608533,10
55.773568,37.68443,4
55.792483,37.613242,10
55.771588,37.687554,4
55.737073,37.694038,4
55.325848,37.163118,2
55.332837,37.343525,9
55.579965,37.357413,9
55.310763,37.148888,2
55.628013,37.426204,1
55.632012,37.441497,1
55.297953,37.197286,2
55.28245,37.156542,2
55.308055,37.146338,2
55.291557,37.129237,2
55.255673,37.15548,2
55.499398,37.384934,9
55.370812,37.386825,9
55.28959,37.127023,2
55.280447,37.117808,2
55.274512,37.128935,2
55.274627,37.132637,2
55.2672,37.11708,2
55.336255,37.297218,9
55.334935,37.29426,9
55.39566,37.436327,9
55.98997,37.144482,5
55.956622,37.185775,5
55.957182,37.186598,5
55.998053,37.160652,5
55.98038,37.256647,5
55.413937,37.410413,9
55.730737,37.8476,8
55.714925,37.743232,4
55.471973,37.303768,9
55.926978,37.363997,7
55.91827,37.389832,7
55.919762,37.383855,7
55.526328,37.383439,9
55.41625,37.191956,2
55.451592,36.941438,2
55.84494,37.420335,7
55.325087,37.095223,2
55.473722,37.536653,11
55.714123,37.727777,4
55.839035,37.809652,8
55.827478,37.832512,8
55.825335,37.834893,8
55.911105,37.572268,3
55.8712,37.747318,10
55.86074,37.767613,10
55.862192,37.764798,10
55.48175,37.521953,11
55.395782,37.234612,2
55.394303,37.233213,2
55.388268,37.226212,2
55.255067,37.085372,2
55.252552,37.078645,2
55.25231,37.078288,2
55.246438,37.062928,2
55.244878,37.05863,2
55.241855,37.050883,2
55.22956,37.018883,2
55.22576,37.008952,2
55.218468,36.989873,2
55.413323,37.195323,2
55.604268,37.299905,9
55.41725,37.190987,2
55.482085,36.944973,2
55.461123,36.914405,2
55.458643,36.910085,2
55.457412,36.907587,2
55.448527,36.892298,2
55.448338,36.892497,2
55.733944,37.542695,6
55.426797,37.280693,9
55.769507,37.540595,6
55.499045,37.289992,9
55.511543,37.243178,9
55.777733,37.845258,8
55.707028,37.752773,4
55.973453,37.262217,5
55.785118,37.664257,4
55.777535,37.679785,4
55.611606,37.770595,0
55.787825,37.568609,6
55.710949,37.638348,6
55.77679,37.841576,8
55.599269,37.316533,9
56.006719,37.166762,5
55.831923,37.399839,7
55.326639,37.104233,2
55.325107,37.096306,2
55.573582,37.356347,9
55.709754,37.825607,8
55.715876,37.574497,6
55.659686,37.434433,1
55.701867,37.790284,8
55.733065,37.702167,4
55.605281,37.605834,11
55.657035,37.837691,8
55.606856,37.353652,9
55.606856,37.353652,9
55.610402,37.351119,9
55.604379,37.337678,9
55.493783,37.584026,11
55.630121,37.470246,1
55.596531,37.305722,9
55.703065,37.656299,4
55.70081,37.796046,8
55.566817,37.601315,11
55.619568,37.395358,1
55.716177,37.625963,6
55.623431,37.266326,9
55.957701,37.19024,5
55.979435,37.264268,5
55.739414,37.650272,4
55.730318,37.484611,1
55.819179,37.638086,10
55.52266,37.376241,9
55.646494,37.269646,9
55.320292,37.066456,2
55.714612,37.824951,8
55.716321,37.897389,8
55.328438,37.164773,2
55.757639,37.750512,4
55.680656,37.664893,0
55.635753,37.702818,0
55.713635,37.678369,4
55.710925,37.53853,6
55.707669,37.545775,6
55.711141,37.539181,6
55.718788,37.535559,6
55.707268,37.545365,6
55.724129,37.534476,6
55.778993,37.5803,6
55.88307,37.442808,7
55.887395,37.673167,10
55.883106,37.726874,10
55.385756,37.223561,2
55.66214,37.632963,0
55.663125,37.626808,0
55.663846,37.631996,0
55.664126,37.620745,0
55.663577,37.61959,0
55.663577,37.61959,0
55.852521,37.584501,3
55.721543,37.698898,4
55.854935,37.566525,3
55.702712,37.615043,6
55.824482,37.644722,10
55.824484,37.64475,10
55.554138,37.55178,11
55.705902,37.621029,6
55.704849,37.635906,6
55.743636,37.83768,8
55.744607,37.850282,8
55.92792,37.547464,3
55.604637,37.336799,9
55.706182,37.580492,6
55.612063,37.49341,11
55.773822,37.498329,3
55.74627,37.532613,6
55.868377,37.509844,3
55.877961,37.449917,7
55.731393,37.840858,8
55.589943,37.731498,0
55.733089,37.840309,8
55.680016,37.832865,8
55.601808,37.604471,11
55.668961,37.836952,8
55.720751,37.699837,4
55.619182,37.776757,0
55.594052,37.727632,0
55.909941,37.565757,3
55.735509,37.704211,4
55.618883,37.778548,0
55.777094,37.8441,8
55.708683,37.668159,4
55.745254,37.81422,8
55.719266,37.698996,4
55.668777,37.628876,0
55.710287,37.665934,4
55.749621,37.698336,4
55.727753,37.680892,4
55.906462,37.544533,3
55.782382,37.697154,4
55.907376,37.541325,3
55.705931,37.621107,6
55.69032,37.665486,0
55.575126,37.605876,11
55.989479,37.224217,5
55.639701,37.818016,8
55.388974,37.366822,9
55.389901,37.354953,9
55.601962,37.725208,0
55.704088,37.494905,1
55.704317,37.495166,1
55.710768,37.665704,4
55.635877,37.695792,0
55.692223,37.666714,0
